90001,30647,30666,31179,32718
90014,30305,30324,30685,32224
90027,30495,30514,30970,32509
90040,30628,30647,31141,32680
90053,30305,30666,30685,32224
90066,30381,30400,30799,32338
90079,30742,31274,31293,32832
90092,30666,30685,31198,32737
90105,30362,30742,30761,32300
90118,30362,30381,30780,32319
90131,30723,31255,31274,32813
90144,30723,30742,31274,32813
90157,30704,31236,31255,32794
90170,30096,30305,30324,31863
90183,30324,30343,30723,32262
90196,30609,31103,31122,32661
90209,30704,31217,31236,32775
90222,30267,30609,30628,32167
90235,30248,30571,30590,32129
90248,30039,30191,30210,31749
90261,30096,30324,30343,31882
90274,30001,30096,30115,31654
90287,30799,31350,31369,32908
90300,30533,30552,31027,32566
90313,30172,30476,30495,32034
90326,30191,30495,30514,32053
90339,30153,30438,30457,31996
90352,30134,30381,30400,31939
90365,30476,30913,31521,33060
90378,30894,30913,31502,33041
90391,30039,30210,30229,31768
90404,30780,30799,31350,32889
90417,30742,30761,31293,32832
90430,30780,31331,31350,32889
90443,30761,30780,31331,32870
90456,30818,31369,31388,32927
90469,30438,30856,30875,32414
90482,30381,30780,30799,32338
90495,30799,30818,31369,32908
90508,30400,30799,30818,32357
90521,30818,30837,31407,32946
90534,30001,30020,30039,31578
90547,30115,30134,30381,31920
90560,30001,30058,30077,31616
90573,30343,30362,30742,32281
90586,30001,30115,30134,31673
90599,30286,30628,30647,32186
90612,30115,30362,30381,31920
90625,30096,30115,30343,31882
90638,30115,30343,30362,31901
90651,30324,30704,30723,32262
90664,30761,31293,31312,32851
90677,30343,30723,30742,32281
90690,30704,30723,31255,32794
90703,30761,31312,31331,32870
90716,30362,30761,30780,32319
90729,30685,31198,31217,32756
90742,30077,30267,30286,31825
90755,30286,30305,30666,32205
90768,30685,30704,31217,32756
90781,30324,30685,30704,32243
90794,30666,31179,31198,32737
90807,30647,31160,31179,32718
90820,30647,31141,31160,32699
90833,30628,31122,31141,32680
90846,30267,30286,30628,32167
90859,30609,30628,31122,32661
90872,30590,30609,31103,32642
90885,30058,30077,30267,31806
90898,30248,30267,30609,32148
90911,30286,30647,30666,32205
90924,30077,30096,30305,31844
90937,30039,30058,30229,31768
90950,30058,30248,30267,31806
90963,30077,30286,30305,31844
90976,30001,30077,30096,31635
90989,30001,30134,30153,31692
91002,30020,30039,30191,31730
91015,30001,30039,30058,31597
91028,30001,30020,30153,31692
91041,30229,30552,30571,32110
91054,30058,30229,30248,31787
91067,30552,30571,31046,32585
91080,30210,30229,30552,32091
91093,30571,30590,31065,32604
91106,30229,30248,30571,32110
91119,30590,31084,31103,32642
91132,30248,30590,30609,32148
91145,30571,31046,31065,32604
91158,30590,31065,31084,32623
91171,30533,30989,31008,32547
91184,30210,30533,30552,32091
91197,30552,31027,31046,32585
91210,30533,31008,31027,32566
91223,30514,30533,30989,32528
91236,30210,30514,30533,32072
91249,30514,30970,30989,32528
91262,30495,30951,30970,32509
91275,30172,30191,30495,32034
91288,30191,30210,30514,32053
91301,30476,30495,30951,32490
91314,30476,30932,31521,33060
91327,30476,30932,30951,32490
91340,30172,30457,30913,32452
91353,30913,31502,31521,33060
91366,30172,30476,30913,32452
91379,30875,30894,31483,33022
91392,30457,30894,30913,32452
91405,30419,30837,30856,32395
91418,30438,30457,30894,32433
91431,30134,30153,30419,31958
91444,30020,30172,30457,31996
91457,30400,30419,30837,32376
91470,30153,30419,30438,31977
91483,30020,30153,30457,31996
91496,30020,30172,30191,31730
91509,30400,30818,30837,32376
91522,30134,30400,30419,31958
91535,30818,31388,31407,32946
91548,30419,30438,30856,32395
91561,30856,31426,31445,32984
91574,30837,31407,31426,32965
91587,30837,30856,31426,32965
91600,30438,30875,30894,32433
91613,30856,30875,31445,32984
91626,30875,31464,31483,33022
91639,30875,31445,31464,33003
91652,30894,31483,31502,33041
91665,30647,30666,32205,32718
91678,30305,30324,31863,32224
91691,30495,30514,32053,32509
91704,30628,30647,32186,32680
91717,30305,30666,32205,32224
91730,30381,30400,31939,32338
91743,30742,31274,32813,32832
91756,30666,30685,32224,32737
91769,30362,30742,32281,32300
91782,30362,30381,31920,32319
91795,30723,31255,32794,32813
91808,30723,30742,32281,32813
91821,30704,31236,32775,32794
91834,30096,30305,31844,31863
91847,30324,30343,31882,32262
91860,30609,31103,32642,32661
91873,30704,31217,32756,32775
91886,30267,30609,32148,32167
91899,30248,30571,32110,32129
91912,30039,30191,31730,31749
91925,30096,30324,31863,31882
91938,30001,30096,31635,31654
91951,30799,31350,32889,32908
91964,30533,30552,32091,32566
91977,30172,30476,32015,32034
91990,30191,30495,32034,32053
92003,30153,30438,31977,31996
92016,30134,30381,31920,31939
92029,30476,30913,32452,33060
92042,30894,30913,32452,33041
92055,30039,30210,31749,31768
92068,30780,30799,32338,32889
92081,30742,30761,32300,32832
92094,30780,31331,32870,32889
92107,30761,30780,32319,32870
92120,30818,31369,32908,32927
92133,30438,30856,32395,32414
92146,30381,30780,32319,32338
92159,30799,30818,32357,32908
92172,30400,30799,32338,32357
92185,30818,30837,32376,32946
92198,30001,30020,31559,31578
92211,30115,30134,31673,31920
92224,30001,30058,31597,31616
92237,30343,30362,31901,32281
92250,30001,30115,31654,31673
92263,30286,30628,32167,32186
92276,30115,30362,31901,31920
92289,30096,30115,31654,31882
92302,30115,30343,31882,31901
92315,30324,30704,32243,32262
92328,30761,31293,32832,32851
92341,30343,30723,32262,32281
92354,30704,30723,32262,32794
92367,30761,31312,32851,32870
92380,30362,30761,32300,32319
92393,30685,31198,32737,32756
92406,30077,30267,31806,31825
92419,30286,30305,31844,32205
92432,30685,30704,32243,32756
92445,30324,30685,32224,32243
92458,30666,31179,32718,32737
92471,30647,31160,32699,32718
92484,30647,31141,32680,32699
92497,30628,31122,32661,32680
92510,30267,30286,31825,32167
92523,30609,30628,32167,32661
92536,30590,30609,32148,32642
92549,30058,30077,31616,31806
92562,30248,30267,31806,32148
92575,30286,30647,32186,32205
92588,30077,30096,31635,31844
92601,30039,30058,31597,31768
92614,30058,30248,31787,31806
92627,30077,30286,31825,31844
92640,30001,30077,31616,31635
92653,30001,30134,31673,31692
92666,30020,30039,31578,31730
92679,30001,30039,31578,31597
92692,30001,30020,31559,31692
92705,30229,30552,32091,32110
92718,30058,30229,31768,31787
92731,30552,30571,32110,32585
92744,30210,30229,31768,32091
92757,30571,30590,32129,32604
92770,30229,30248,31787,32110
92783,30590,31084,32623,32642
92796,30248,30590,32129,32148
92809,30571,31046,32585,32604
92822,30590,31065,32604,32623
92835,30533,30989,32528,32547
92848,30210,30533,32072,32091
92861,30552,31027,32566,32585
92874,30533,31008,32547,32566
92887,30514,30533,32072,32528
92900,30210,30514,32053,32072
92913,30514,30970,32509,32528
92926,30495,30951,32490,32509
92939,30172,30191,31730,32034
92952,30191,30210,31749,32053
92965,30476,30495,32034,32490
92978,30476,30932,32471,33060
92991,30476,30932,32471,32490
93004,30172,30457,31996,32452
93017,30913,31502,33041,33060
93030,30172,30476,32015,32452
93043,30875,30894,32433,33022
93056,30457,30894,32433,32452
93069,30419,30837,32376,32395
93082,30438,30457,31996,32433
93095,30134,30153,31692,31958
93108,30020,30172,31711,31996
93121,30400,30419,31958,32376
93134,30153,30419,31958,31977
93147,30020,30153,31692,31996
93160,30020,30172,31711,31730
93173,30400,30818,32357,32376
93186,30134,30400,31939,31958
93199,30818,31388,32927,32946
93212,30419,30438,31977,32395
93225,30856,31426,32965,32984
93238,30837,31407,32946,32965
93251,30837,30856,32395,32965
93264,30438,30875,32414,32433
93277,30856,30875,32414,32984
93290,30875,31464,33003,33022
93303,30875,31445,32984,33003
93316,30894,31483,33022,33041
93329,30647,32186,32205,32718
93342,30305,31844,31863,32224
93355,30495,32034,32053,32509
93368,30628,32167,32186,32680
93381,30305,31844,32205,32224
93394,30381,31920,31939,32338
93407,30742,32281,32813,32832
93420,30666,32205,32224,32737
93433,30362,31901,32281,32300
93446,30362,31901,31920,32319
93459,30723,32262,32794,32813
93472,30723,32262,32281,32813
93485,30704,32243,32775,32794
93498,30096,31635,31844,31863
93511,30324,31863,31882,32262
93524,30609,32148,32642,32661
93537,30704,32243,32756,32775
93550,30267,31806,32148,32167
93563,30248,31787,32110,32129
93576,30039,31578,31730,31749
93589,30096,31635,31863,31882
93602,30001,31540,31635,31654
93615,30799,32338,32889,32908
93628,30533,32072,32091,32566
93641,30172,31711,32015,32034
93654,30191,31730,32034,32053
93667,30153,31692,31977,31996
93680,30134,31673,31920,31939
93693,30476,32015,32452,33060
93706,30894,32433,32452,33041
93719,30039,31578,31749,31768
93732,30780,32319,32338,32889
93745,30742,32281,32300,32832
93758,30780,32319,32870,32889
93771,30761,32300,32319,32870
93784,30818,32357,32908,32927
93797,30438,31977,32395,32414
93810,30381,31920,32319,32338
93823,30799,32338,32357,32908
93836,30400,31939,32338,32357
93849,30818,32357,32376,32946
93862,30001,31540,31559,31578
93875,30115,31654,31673,31920
93888,30001,31540,31597,31616
93901,30343,31882,31901,32281
93914,30001,31540,31654,31673
93927,30286,31825,32167,32186
93940,30115,31654,31901,31920
93953,30096,31635,31654,31882
93966,30115,31654,31882,31901
93979,30324,31863,32243,32262
93992,30761,32300,32832,32851
94005,30343,31882,32262,32281
94018,30704,32243,32262,32794
94031,30761,32300,32851,32870
94044,30362,31901,32300,32319
94057,30685,32224,32737,32756
94070,30077,31616,31806,31825
94083,30286,31825,31844,32205
94096,30685,32224,32243,32756
94109,30324,31863,32224,32243
94122,30666,32205,32718,32737
94135,30647,32186,32699,32718
94148,30647,32186,32680,32699
94161,30628,32167,32661,32680
94174,30267,31806,31825,32167
94187,30609,32148,32167,32661
94200,30590,32129,32148,32642
94213,30058,31597,31616,31806
94226,30248,31787,31806,32148
94239,30286,31825,32186,32205
94252,30077,31616,31635,31844
94265,30039,31578,31597,31768
94278,30058,31597,31787,31806
94291,30077,31616,31825,31844
94304,30001,31540,31616,31635
94317,30001,31540,31673,31692
94330,30020,31559,31578,31730
94343,30001,31540,31578,31597
94356,30001,31540,31559,31692
94369,30229,31768,32091,32110
94382,30058,31597,31768,31787
94395,30552,32091,32110,32585
94408,30210,31749,31768,32091
94421,30571,32110,32129,32604
94434,30229,31768,31787,32110
94447,30590,32129,32623,32642
94460,30248,31787,32129,32148
94473,30571,32110,32585,32604
94486,30590,32129,32604,32623
94499,30533,32072,32528,32547
94512,30210,31749,32072,32091
94525,30552,32091,32566,32585
94538,30533,32072,32547,32566
94551,30514,32053,32072,32528
94564,30210,31749,32053,32072
94577,30514,32053,32509,32528
94590,30495,32034,32490,32509
94603,30172,31711,31730,32034
94616,30191,31730,31749,32053
94629,30476,32015,32034,32490
94642,30476,32015,32471,33060
94655,30476,32015,32471,32490
94668,30172,31711,31996,32452
94681,30913,32452,33041,33060
94694,30172,31711,32015,32452
94707,30875,32414,32433,33022
94720,30457,31996,32433,32452
94733,30419,31958,32376,32395
94746,30438,31977,31996,32433
94759,30134,31673,31692,31958
94772,30020,31559,31711,31996
94785,30400,31939,31958,32376
94798,30153,31692,31958,31977
94811,30020,31559,31692,31996
94824,30020,31559,31711,31730
94837,30400,31939,32357,32376
94850,30134,31673,31939,31958
94863,30818,32357,32927,32946
94876,30419,31958,31977,32395
94889,30856,32395,32965,32984
94902,30837,32376,32946,32965
94915,30837,32376,32395,32965
94928,30438,31977,32414,32433
94941,30856,32395,32414,32984
94954,30875,32414,33003,33022
94967,30875,32414,32984,33003
94980,30894,32433,33022,33041
94993,32186,32205,32718,34257
95006,31844,31863,32224,33763
95019,32034,32053,32509,34048
95032,32167,32186,32680,34219
95045,31844,32205,32224,33763
95058,31920,31939,32338,33877
95071,32281,32813,32832,34371
95084,32205,32224,32737,34276
95097,31901,32281,32300,33839
95110,31901,31920,32319,33858
95123,32262,32794,32813,34352
95136,32262,32281,32813,34352
95149,32243,32775,32794,34333
95162,31635,31844,31863,33402
95175,31863,31882,32262,33801
95188,32148,32642,32661,34200
95201,32243,32756,32775,34314
95214,31806,32148,32167,33706
95227,31787,32110,32129,33668
95240,31578,31730,31749,33288
95253,31635,31863,31882,33421
95266,31540,31635,31654,33193
95279,32338,32889,32908,34447
95292,32072,32091,32566,34105
95305,31711,32015,32034,33573
95318,31730,32034,32053,33592
95331,31692,31977,31996,33535
95344,31673,31920,31939,33478
95357,32015,32452,33060,34599
95370,32433,32452,33041,34580
95383,31578,31749,31768,33307
95396,32319,32338,32889,34428
95409,32281,32300,32832,34371
95422,32319,32870,32889,34428
95435,32300,32319,32870,34409
95448,32357,32908,32927,34466
95461,31977,32395,32414,33953
95474,31920,32319,32338,33877
95487,32338,32357,32908,34447
95500,31939,32338,32357,33896
95513,32357,32376,32946,34485
95526,31540,31559,31578,33117
95539,31654,31673,31920,33459
95552,31540,31597,31616,33155
95565,31882,31901,32281,33820
95578,31540,31654,31673,33212
95591,31825,32167,32186,33725
95604,31654,31901,31920,33459
95617,31635,31654,31882,33421
95630,31654,31882,31901,33440
95643,31863,32243,32262,33801
95656,32300,32832,32851,34390
95669,31882,32262,32281,33820
95682,32243,32262,32794,34333
95695,32300,32851,32870,34409
95708,31901,32300,32319,33858
95721,32224,32737,32756,34295
95734,31616,31806,31825,33364
95747,31825,31844,32205,33744
95760,32224,32243,32756,34295
95773,31863,32224,32243,33782
95786,32205,32718,32737,34276
95799,32186,32699,32718,34257
95812,32186,32680,32699,34238
95825,32167,32661,32680,34219
95838,31806,31825,32167,33706
95851,32148,32167,32661,34200
95864,32129,32148,32642,34181
95877,31597,31616,31806,33345
95890,31787,31806,32148,33687
95903,31825,32186,32205,33744
95916,31616,31635,31844,33383
95929,31578,31597,31768,33307
95942,31597,31787,31806,33345
95955,31616,31825,31844,33383
95968,31540,31616,31635,33174
95981,31540,31673,31692,33231
95994,31559,31578,31730,33269
96007,31540,31578,31597,33136
96020,31540,31559,31692,33231
96033,31768,32091,32110,33649
96046,31597,31768,31787,33326
96059,32091,32110,32585,34124
96072,31749,31768,32091,33630
96085,32110,32129,32604,34143
96098,31768,31787,32110,33649
96111,32129,32623,32642,34181
96124,31787,32129,32148,33687
96137,32110,32585,32604,34143
96150,32129,32604,32623,34162
96163,32072,32528,32547,34086
96176,31749,32072,32091,33630
96189,32091,32566,32585,34124
96202,32072,32547,32566,34105
96215,32053,32072,32528,34067
96228,31749,32053,32072,33611
96241,32053,32509,32528,34067
96254,32034,32490,32509,34048
96267,31711,31730,32034,33573
96280,31730,31749,32053,33592
96293,32015,32034,32490,34029
96306,32015,32471,33060,34599
96319,32015,32471,32490,34029
96332,31711,31996,32452,33991
96345,32452,33041,33060,34599
96358,31711,32015,32452,33991
96371,32414,32433,33022,34561
96384,31996,32433,32452,33991
96397,31958,32376,32395,33934
96410,31977,31996,32433,33972
96423,31673,31692,31958,33497
96436,31559,31711,31996,33535
96449,31939,31958,32376,33915
96462,31692,31958,31977,33516
96475,31559,31692,31996,33535
96488,31559,31711,31730,33269
96501,31939,32357,32376,33915
96514,31673,31939,31958,33497
96527,32357,32927,32946,34485
96540,31958,31977,32395,33934
96553,32395,32965,32984,34523
96566,32376,32946,32965,34504
96579,32376,32395,32965,34504
96592,31977,32414,32433,33972
96605,32395,32414,32984,34523
96618,32414,33003,33022,34561
96631,32414,32984,33003,34542
96644,32433,33022,33041,34580
96657,32186,32205,33744,34257
96670,31844,31863,33402,33763
96683,32034,32053,33592,34048
96696,32167,32186,33725,34219
96709,31844,32205,33744,33763
96722,31920,31939,33478,33877
96735,32281,32813,34352,34371
96748,32205,32224,33763,34276
96761,31901,32281,33820,33839
96774,31901,31920,33459,33858
96787,32262,32794,34333,34352
96800,32262,32281,33820,34352
96813,32243,32775,34314,34333
96826,31635,31844,33383,33402
96839,31863,31882,33421,33801
96852,32148,32642,34181,34200
96865,32243,32756,34295,34314
96878,31806,32148,33687,33706
96891,31787,32110,33649,33668
96904,31578,31730,33269,33288
96917,31635,31863,33402,33421
96930,31540,31635,33174,33193
96943,32338,32889,34428,34447
96956,32072,32091,33630,34105
96969,31711,32015,33554,33573
96982,31730,32034,33573,33592
96995,31692,31977,33516,33535
97008,31673,31920,33459,33478
97021,32015,32452,33991,34599
97034,32433,32452,33991,34580
97047,31578,31749,33288,33307
97060,32319,32338,33877,34428
97073,32281,32300,33839,34371
97086,32319,32870,34409,34428
97099,32300,32319,33858,34409
97112,32357,32908,34447,34466
97125,31977,32395,33934,33953
97138,31920,32319,33858,33877
97151,32338,32357,33896,34447
97164,31939,32338,33877,33896
97177,32357,32376,33915,34485
97190,31540,31559,33098,33117
97203,31654,31673,33212,33459
97216,31540,31597,33136,33155
97229,31882,31901,33440,33820
97242,31540,31654,33193,33212
97255,31825,32167,33706,33725
97268,31654,31901,33440,33459
97281,31635,31654,33193,33421
97294,31654,31882,33421,33440
97307,31863,32243,33782,33801
97320,32300,32832,34371,34390
97333,31882,32262,33801,33820
97346,32243,32262,33801,34333
97359,32300,32851,34390,34409
97372,31901,32300,33839,33858
97385,32224,32737,34276,34295
97398,31616,31806,33345,33364
97411,31825,31844,33383,33744
97424,32224,32243,33782,34295
97437,31863,32224,33763,33782
97450,32205,32718,34257,34276
97463,32186,32699,34238,34257
97476,32186,32680,34219,34238
97489,32167,32661,34200,34219
97502,31806,31825,33364,33706
97515,32148,32167,33706,34200
97528,32129,32148,33687,34181
97541,31597,31616,33155,33345
97554,31787,31806,33345,33687
97567,31825,32186,33725,33744
97580,31616,31635,33174,33383
97593,31578,31597,33136,33307
97606,31597,31787,33326,33345
97619,31616,31825,33364,33383
97632,31540,31616,33155,33174
97645,31540,31673,33212,33231
97658,31559,31578,33117,33269
97671,31540,31578,33117,33136
97684,31540,31559,33098,33231
97697,31768,32091,33630,33649
97710,31597,31768,33307,33326
97723,32091,32110,33649,34124
97736,31749,31768,33307,33630
97749,32110,32129,33668,34143
97762,31768,31787,33326,33649
97775,32129,32623,34162,34181
97788,31787,32129,33668,33687
97801,32110,32585,34124,34143
97814,32129,32604,34143,34162
97827,32072,32528,34067,34086
97840,31749,32072,33611,33630
97853,32091,32566,34105,34124
97866,32072,32547,34086,34105
97879,32053,32072,33611,34067
97892,31749,32053,33592,33611
97905,32053,32509,34048,34067
97918,32034,32490,34029,34048
97931,31711,31730,33269,33573
97944,31730,31749,33288,33592
97957,32015,32034,33573,34029
97970,32015,32471,34010,34599
97983,32015,32471,34010,34029
97996,31711,31996,33535,33991
98009,32452,33041,34580,34599
98022,31711,32015,33554,33991
98035,32414,32433,33972,34561
98048,31996,32433,33972,33991
98061,31958,32376,33915,33934
98074,31977,31996,33535,33972
98087,31673,31692,33231,33497
98100,31559,31711,33250,33535
98113,31939,31958,33497,33915
98126,31692,31958,33497,33516
98139,31559,31692,33231,33535
98152,31559,31711,33250,33269
98165,31939,32357,33896,33915
98178,31673,31939,33478,33497
98191,32357,32927,34466,34485
98204,31958,31977,33516,33934
98217,32395,32965,34504,34523
98230,32376,32946,34485,34504
98243,32376,32395,33934,34504
98256,31977,32414,33953,33972
98269,32395,32414,33953,34523
98282,32414,33003,34542,34561
98295,32414,32984,34523,34542
98308,32433,33022,34561,34580
98321,32186,33725,33744,34257
98334,31844,33383,33402,33763
98347,32034,33573,33592,34048
98360,32167,33706,33725,34219
98373,31844,33383,33744,33763
98386,31920,33459,33478,33877
98399,32281,33820,34352,34371
98412,32205,33744,33763,34276
98425,31901,33440,33820,33839
98438,31901,33440,33459,33858
98451,32262,33801,34333,34352
98464,32262,33801,33820,34352
98477,32243,33782,34314,34333
98490,31635,33174,33383,33402
98503,31863,33402,33421,33801
98516,32148,33687,34181,34200
98529,32243,33782,34295,34314
98542,31806,33345,33687,33706
98555,31787,33326,33649,33668
98568,31578,33117,33269,33288
98581,31635,33174,33402,33421
98594,31540,33079,33174,33193
98607,32338,33877,34428,34447
98620,32072,33611,33630,34105
98633,31711,33250,33554,33573
98646,31730,33269,33573,33592
98659,31692,33231,33516,33535
98672,31673,33212,33459,33478
98685,32015,33554,33991,34599
98698,32433,33972,33991,34580
98711,31578,33117,33288,33307
98724,32319,33858,33877,34428
98737,32281,33820,33839,34371
98750,32319,33858,34409,34428
98763,32300,33839,33858,34409
98776,32357,33896,34447,34466
98789,31977,33516,33934,33953
98802,31920,33459,33858,33877
98815,32338,33877,33896,34447
98828,31939,33478,33877,33896
98841,32357,33896,33915,34485
98854,31540,33079,33098,33117
98867,31654,33193,33212,33459
98880,31540,33079,33136,33155
98893,31882,33421,33440,33820
98906,31540,33079,33193,33212
98919,31825,33364,33706,33725
98932,31654,33193,33440,33459
98945,31635,33174,33193,33421
98958,31654,33193,33421,33440
98971,31863,33402,33782,33801
98984,32300,33839,34371,34390
98997,31882,33421,33801,33820
99010,32243,33782,33801,34333
99023,32300,33839,34390,34409
99036,31901,33440,33839,33858
99049,32224,33763,34276,34295
99062,31616,33155,33345,33364
99075,31825,33364,33383,33744
99088,32224,33763,33782,34295
99101,31863,33402,33763,33782
99114,32205,33744,34257,34276
99127,32186,33725,34238,34257
99140,32186,33725,34219,34238
99153,32167,33706,34200,34219
99166,31806,33345,33364,33706
99179,32148,33687,33706,34200
99192,32129,33668,33687,34181
99205,31597,33136,33155,33345
99218,31787,33326,33345,33687
99231,31825,33364,33725,33744
99244,31616,33155,33174,33383
99257,31578,33117,33136,33307
99270,31597,33136,33326,33345
99283,31616,33155,33364,33383
99296,31540,33079,33155,33174
99309,31540,33079,33212,33231
99322,31559,33098,33117,33269
99335,31540,33079,33117,33136
99348,31540,33079,33098,33231
99361,31768,33307,33630,33649
99374,31597,33136,33307,33326
99387,32091,33630,33649,34124
99400,31749,33288,33307,33630
99413,32110,33649,33668,34143
99426,31768,33307,33326,33649
99439,32129,33668,34162,34181
99452,31787,33326,33668,33687
99465,32110,33649,34124,34143
99478,32129,33668,34143,34162
99491,32072,33611,34067,34086
99504,31749,33288,33611,33630
99517,32091,33630,34105,34124
99530,32072,33611,34086,34105
99543,32053,33592,33611,34067
99556,31749,33288,33592,33611
99569,32053,33592,34048,34067
99582,32034,33573,34029,34048
99595,31711,33250,33269,33573
99608,31730,33269,33288,33592
99621,32015,33554,33573,34029
99634,32015,33554,34010,34599
99647,32015,33554,34010,34029
99660,31711,33250,33535,33991
99673,32452,33991,34580,34599
99686,31711,33250,33554,33991
99699,32414,33953,33972,34561
99712,31996,33535,33972,33991
99725,31958,33497,33915,33934
99738,31977,33516,33535,33972
99751,31673,33212,33231,33497
99764,31559,33098,33250,33535
99777,31939,33478,33497,33915
99790,31692,33231,33497,33516
99803,31559,33098,33231,33535
99816,31559,33098,33250,33269
99829,31939,33478,33896,33915
99842,31673,33212,33478,33497
99855,32357,33896,34466,34485
99868,31958,33497,33516,33934
99881,32395,33934,34504,34523
99894,32376,33915,34485,34504
99907,32376,33915,33934,34504
99920,31977,33516,33953,33972
99933,32395,33934,33953,34523
99946,32414,33953,34542,34561
99959,32414,33953,34523,34542
99972,32433,33972,34561,34580
99985,33725,33744,34257,35796
99998,33383,33402,33763,35302
100011,33573,33592,34048,35587
100024,33706,33725,34219,35758
100037,33383,33744,33763,35302
100050,33459,33478,33877,35416
100063,33820,34352,34371,35910
100076,33744,33763,34276,35815
100089,33440,33820,33839,35378
100102,33440,33459,33858,35397
100115,33801,34333,34352,35891
100128,33801,33820,34352,35891
100141,33782,34314,34333,35872
100154,33174,33383,33402,34941
100167,33402,33421,33801,35340
100180,33687,34181,34200,35739
100193,33782,34295,34314,35853
100206,33345,33687,33706,35245
100219,33326,33649,33668,35207
100232,33117,33269,33288,34827
100245,33174,33402,33421,34960
100258,33079,33174,33193,34732
100271,33877,34428,34447,35986
100284,33611,33630,34105,35644
100297,33250,33554,33573,35112
100310,33269,33573,33592,35131
100323,33231,33516,33535,35074
100336,33212,33459,33478,35017
100349,33554,33991,34599,36138
100362,33972,33991,34580,36119
100375,33117,33288,33307,34846
100388,33858,33877,34428,35967
100401,33820,33839,34371,35910
100414,33858,34409,34428,35967
100427,33839,33858,34409,35948
100440,33896,34447,34466,36005
100453,33516,33934,33953,35492
100466,33459,33858,33877,35416
100479,33877,33896,34447,35986
100492,33478,33877,33896,35435
100505,33896,33915,34485,36024
100518,33079,33098,33117,34656
100531,33193,33212,33459,34998
100544,33079,33136,33155,34694
100557,33421,33440,33820,35359
100570,33079,33193,33212,34751
100583,33364,33706,33725,35264
100596,33193,33440,33459,34998
100609,33174,33193,33421,34960
100622,33193,33421,33440,34979
100635,33402,33782,33801,35340
100648,33839,34371,34390,35929
100661,33421,33801,33820,35359
100674,33782,33801,34333,35872
100687,33839,34390,34409,35948
100700,33440,33839,33858,35397
100713,33763,34276,34295,35834
100726,33155,33345,33364,34903
100739,33364,33383,33744,35283
100752,33763,33782,34295,35834
100765,33402,33763,33782,35321
100778,33744,34257,34276,35815
100791,33725,34238,34257,35796
100804,33725,34219,34238,35777
100817,33706,34200,34219,35758
100830,33345,33364,33706,35245
100843,33687,33706,34200,35739
100856,33668,33687,34181,35720
100869,33136,33155,33345,34884
100882,33326,33345,33687,35226
100895,33364,33725,33744,35283
100908,33155,33174,33383,34922
100921,33117,33136,33307,34846
100934,33136,33326,33345,34884
100947,33155,33364,33383,34922
100960,33079,33155,33174,34713
100973,33079,33212,33231,34770
100986,33098,33117,33269,34808
100999,33079,33117,33136,34675
101012,33079,33098,33231,34770
101025,33307,33630,33649,35188
101038,33136,33307,33326,34865
101051,33630,33649,34124,35663
101064,33288,33307,33630,35169
101077,33649,33668,34143,35682
101090,33307,33326,33649,35188
101103,33668,34162,34181,35720
101116,33326,33668,33687,35226
101129,33649,34124,34143,35682
101142,33668,34143,34162,35701
101155,33611,34067,34086,35625
101168,33288,33611,33630,35169
101181,33630,34105,34124,35663
101194,33611,34086,34105,35644
101207,33592,33611,34067,35606
101220,33288,33592,33611,35150
101233,33592,34048,34067,35606
101246,33573,34029,34048,35587
101259,33250,33269,33573,35112
101272,33269,33288,33592,35131
101285,33554,33573,34029,35568
101298,33554,34010,34599,36138
101311,33554,34010,34029,35568
101324,33250,33535,33991,35530
101337,33991,34580,34599,36138
101350,33250,33554,33991,35530
101363,33953,33972,34561,36100
101376,33535,33972,33991,35530
101389,33497,33915,33934,35473
101402,33516,33535,33972,35511
101415,33212,33231,33497,35036
101428,33098,33250,33535,35074
101441,33478,33497,33915,35454
101454,33231,33497,33516,35055
101467,33098,33231,33535,35074
101480,33098,33250,33269,34808
101493,33478,33896,33915,35454
101506,33212,33478,33497,35036
101519,33896,34466,34485,36024
101532,33497,33516,33934,35473
101545,33934,34504,34523,36062
101558,33915,34485,34504,36043
101571,33915,33934,34504,36043
101584,33516,33953,33972,35511
101597,33934,33953,34523,36062
101610,33953,34542,34561,36100
101623,33953,34523,34542,36081
101636,33972,34561,34580,36119
101649,33725,33744,35283,35796
101662,33383,33402,34941,35302
101675,33573,33592,35131,35587
101688,33706,33725,35264,35758
101701,33383,33744,35283,35302
101714,33459,33478,35017,35416
101727,33820,34352,35891,35910
101740,33744,33763,35302,35815
101753,33440,33820,35359,35378
101766,33440,33459,34998,35397
101779,33801,34333,35872,35891
101792,33801,33820,35359,35891
101805,33782,34314,35853,35872
101818,33174,33383,34922,34941
101831,33402,33421,34960,35340
101844,33687,34181,35720,35739
101857,33782,34295,35834,35853
101870,33345,33687,35226,35245
101883,33326,33649,35188,35207
101896,33117,33269,34808,34827
101909,33174,33402,34941,34960
101922,33079,33174,34713,34732
101935,33877,34428,35967,35986
101948,33611,33630,35169,35644
101961,33250,33554,35093,35112
101974,33269,33573,35112,35131
101987,33231,33516,35055,35074
102000,33212,33459,34998,35017
102013,33554,33991,35530,36138
102026,33972,33991,35530,36119
102039,33117,33288,34827,34846
102052,33858,33877,35416,35967
102065,33820,33839,35378,35910
102078,33858,34409,35948,35967
102091,33839,33858,35397,35948
102104,33896,34447,35986,36005
102117,33516,33934,35473,35492
102130,33459,33858,35397,35416
102143,33877,33896,35435,35986
102156,33478,33877,35416,35435
102169,33896,33915,35454,36024
102182,33079,33098,34637,34656
102195,33193,33212,34751,34998
102208,33079,33136,34675,34694
102221,33421,33440,34979,35359
102234,33079,33193,34732,34751
102247,33364,33706,35245,35264
102260,33193,33440,34979,34998
102273,33174,33193,34732,34960
102286,33193,33421,34960,34979
102299,33402,33782,35321,35340
102312,33839,34371,35910,35929
102325,33421,33801,35340,35359
102338,33782,33801,35340,35872
102351,33839,34390,35929,35948
102364,33440,33839,35378,35397
102377,33763,34276,35815,35834
102390,33155,33345,34884,34903
102403,33364,33383,34922,35283
102416,33763,33782,35321,35834
102429,33402,33763,35302,35321
102442,33744,34257,35796,35815
102455,33725,34238,35777,35796
102468,33725,34219,35758,35777
102481,33706,34200,35739,35758
102494,33345,33364,34903,35245
102507,33687,33706,35245,35739
102520,33668,33687,35226,35720
102533,33136,33155,34694,34884
102546,33326,33345,34884,35226
102559,33364,33725,35264,35283
102572,33155,33174,34713,34922
102585,33117,33136,34675,34846
102598,33136,33326,34865,34884
102611,33155,33364,34903,34922
102624,33079,33155,34694,34713
102637,33079,33212,34751,34770
102650,33098,33117,34656,34808
102663,33079,33117,34656,34675
102676,33079,33098,34637,34770
102689,33307,33630,35169,35188
102702,33136,33307,34846,34865
102715,33630,33649,35188,35663
102728,33288,33307,34846,35169
102741,33649,33668,35207,35682
102754,33307,33326,34865,35188
102767,33668,34162,35701,35720
102780,33326,33668,35207,35226
102793,33649,34124,35663,35682
102806,33668,34143,35682,35701
102819,33611,34067,35606,35625
102832,33288,33611,35150,35169
102845,33630,34105,35644,35663
102858,33611,34086,35625,35644
102871,33592,33611,35150,35606
102884,33288,33592,35131,35150
102897,33592,34048,35587,35606
102910,33573,34029,35568,35587
102923,33250,33269,34808,35112
102936,33269,33288,34827,35131
102949,33554,33573,35112,35568
102962,33554,34010,35549,36138
102975,33554,34010,35549,35568
102988,33250,33535,35074,35530
103001,33991,34580,36119,36138
103014,33250,33554,35093,35530
103027,33953,33972,35511,36100
103040,33535,33972,35511,35530
103053,33497,33915,35454,35473
103066,33516,33535,35074,35511
103079,33212,33231,34770,35036
103092,33098,33250,34789,35074
103105,33478,33497,35036,35454
103118,33231,33497,35036,35055
103131,33098,33231,34770,35074
103144,33098,33250,34789,34808
103157,33478,33896,35435,35454
103170,33212,33478,35017,35036
103183,33896,34466,36005,36024
103196,33497,33516,35055,35473
103209,33934,34504,36043,36062
103222,33915,34485,36024,36043
103235,33915,33934,35473,36043
103248,33516,33953,35492,35511
103261,33934,33953,35492,36062
103274,33953,34542,36081,36100
103287,33953,34523,36062,36081
103300,33972,34561,36100,36119
103313,33725,35264,35283,35796
103326,33383,34922,34941,35302
103339,33573,35112,35131,35587
103352,33706,35245,35264,35758
103365,33383,34922,35283,35302
103378,33459,34998,35017,35416
103391,33820,35359,35891,35910
103404,33744,35283,35302,35815
103417,33440,34979,35359,35378
103430,33440,34979,34998,35397
103443,33801,35340,35872,35891
103456,33801,35340,35359,35891
103469,33782,35321,35853,35872
103482,33174,34713,34922,34941
103495,33402,34941,34960,35340
103508,33687,35226,35720,35739
103521,33782,35321,35834,35853
103534,33345,34884,35226,35245
103547,33326,34865,35188,35207
103560,33117,34656,34808,34827
103573,33174,34713,34941,34960
103586,33079,34618,34713,34732
103599,33877,35416,35967,35986
103612,33611,35150,35169,35644
103625,33250,34789,35093,35112
103638,33269,34808,35112,35131
103651,33231,34770,35055,35074
103664,33212,34751,34998,35017
103677,33554,35093,35530,36138
103690,33972,35511,35530,36119
103703,33117,34656,34827,34846
103716,33858,35397,35416,35967
103729,33820,35359,35378,35910
103742,33858,35397,35948,35967
103755,33839,35378,35397,35948
103768,33896,35435,35986,36005
103781,33516,35055,35473,35492
103794,33459,34998,35397,35416
103807,33877,35416,35435,35986
103820,33478,35017,35416,35435
103833,33896,35435,35454,36024
103846,33079,34618,34637,34656
103859,33193,34732,34751,34998
103872,33079,34618,34675,34694
103885,33421,34960,34979,35359
103898,33079,34618,34732,34751
103911,33364,34903,35245,35264
103924,33193,34732,34979,34998
103937,33174,34713,34732,34960
103950,33193,34732,34960,34979
103963,33402,34941,35321,35340
103976,33839,35378,35910,35929
103989,33421,34960,35340,35359
104002,33782,35321,35340,35872
104015,33839,35378,35929,35948
104028,33440,34979,35378,35397
104041,33763,35302,35815,35834
104054,33155,34694,34884,34903
104067,33364,34903,34922,35283
104080,33763,35302,35321,35834
104093,33402,34941,35302,35321
104106,33744,35283,35796,35815
104119,33725,35264,35777,35796
104132,33725,35264,35758,35777
104145,33706,35245,35739,35758
104158,33345,34884,34903,35245
104171,33687,35226,35245,35739
104184,33668,35207,35226,35720
104197,33136,34675,34694,34884
104210,33326,34865,34884,35226
104223,33364,34903,35264,35283
104236,33155,34694,34713,34922
104249,33117,34656,34675,34846
104262,33136,34675,34865,34884
104275,33155,34694,34903,34922
104288,33079,34618,34694,34713
104301,33079,34618,34751,34770
104314,33098,34637,34656,34808
104327,33079,34618,34656,34675
104340,33079,34618,34637,34770
104353,33307,34846,35169,35188
104366,33136,34675,34846,34865
104379,33630,35169,35188,35663
104392,33288,34827,34846,35169
104405,33649,35188,35207,35682
104418,33307,34846,34865,35188
104431,33668,35207,35701,35720
104444,33326,34865,35207,35226
104457,33649,35188,35663,35682
104470,33668,35207,35682,35701
104483,33611,35150,35606,35625
104496,33288,34827,35150,35169
104509,33630,35169,35644,35663
104522,33611,35150,35625,35644
104535,33592,35131,35150,35606
104548,33288,34827,35131,35150
104561,33592,35131,35587,35606
104574,33573,35112,35568,35587
104587,33250,34789,34808,35112
104600,33269,34808,34827,35131
104613,33554,35093,35112,35568
104626,33554,35093,35549,36138
104639,33554,35093,35549,35568
104652,33250,34789,35074,35530
104665,33991,35530,36119,36138
104678,33250,34789,35093,35530
104691,33953,35492,35511,36100
104704,33535,35074,35511,35530
104717,33497,35036,35454,35473
104730,33516,35055,35074,35511
104743,33212,34751,34770,35036
104756,33098,34637,34789,35074
104769,33478,35017,35036,35454
104782,33231,34770,35036,35055
104795,33098,34637,34770,35074
104808,33098,34637,34789,34808
104821,33478,35017,35435,35454
104834,33212,34751,35017,35036
104847,33896,35435,36005,36024
104860,33497,35036,35055,35473
104873,33934,35473,36043,36062
104886,33915,35454,36024,36043
104899,33915,35454,35473,36043
104912,33516,35055,35492,35511
104925,33934,35473,35492,36062
104938,33953,35492,36081,36100
104951,33953,35492,36062,36081
104964,33972,35511,36100,36119
104977,35264,35283,35796,37335
104990,34922,34941,35302,36841
105003,35112,35131,35587,37126
105016,35245,35264,35758,37297
105029,34922,35283,35302,36841
105042,34998,35017,35416,36955
105055,35359,35891,35910,37449
105068,35283,35302,35815,37354
105081,34979,35359,35378,36917
105094,34979,34998,35397,36936
105107,35340,35872,35891,37430
105120,35340,35359,35891,37430
105133,35321,35853,35872,37411
105146,34713,34922,34941,36480
105159,34941,34960,35340,36879
105172,35226,35720,35739,37278
105185,35321,35834,35853,37392
105198,34884,35226,35245,36784
105211,34865,35188,35207,36746
105224,34656,34808,34827,36366
105237,34713,34941,34960,36499
105250,34618,34713,34732,36271
105263,35416,35967,35986,37525
105276,35150,35169,35644,37183
105289,34789,35093,35112,36651
105302,34808,35112,35131,36670
105315,34770,35055,35074,36613
105328,34751,34998,35017,36556
105341,35093,35530,36138,37677
105354,35511,35530,36119,37658
105367,34656,34827,34846,36385
105380,35397,35416,35967,37506
105393,35359,35378,35910,37449
105406,35397,35948,35967,37506
105419,35378,35397,35948,37487
105432,35435,35986,36005,37544
105445,35055,35473,35492,37031
105458,34998,35397,35416,36955
105471,35416,35435,35986,37525
105484,35017,35416,35435,36974
105497,35435,35454,36024,37563
105510,34618,34637,34656,36195
105523,34732,34751,34998,36537
105536,34618,34675,34694,36233
105549,34960,34979,35359,36898
105562,34618,34732,34751,36290
105575,34903,35245,35264,36803
105588,34732,34979,34998,36537
105601,34713,34732,34960,36499
105614,34732,34960,34979,36518
105627,34941,35321,35340,36879
105640,35378,35910,35929,37468
105653,34960,35340,35359,36898
105666,35321,35340,35872,37411
105679,35378,35929,35948,37487
105692,34979,35378,35397,36936
105705,35302,35815,35834,37373
105718,34694,34884,34903,36442
105731,34903,34922,35283,36822
105744,35302,35321,35834,37373
105757,34941,35302,35321,36860
105770,35283,35796,35815,37354
105783,35264,35777,35796,37335
105796,35264,35758,35777,37316
105809,35245,35739,35758,37297
105822,34884,34903,35245,36784
105835,35226,35245,35739,37278
105848,35207,35226,35720,37259
105861,34675,34694,34884,36423
105874,34865,34884,35226,36765
105887,34903,35264,35283,36822
105900,34694,34713,34922,36461
105913,34656,34675,34846,36385
105926,34675,34865,34884,36423
105939,34694,34903,34922,36461
105952,34618,34694,34713,36252
105965,34618,34751,34770,36309
105978,34637,34656,34808,36347
105991,34618,34656,34675,36214
106004,34618,34637,34770,36309
106017,34846,35169,35188,36727
106030,34675,34846,34865,36404
106043,35169,35188,35663,37202
106056,34827,34846,35169,36708
106069,35188,35207,35682,37221
106082,34846,34865,35188,36727
106095,35207,35701,35720,37259
106108,34865,35207,35226,36765
106121,35188,35663,35682,37221
106134,35207,35682,35701,37240
106147,35150,35606,35625,37164
106160,34827,35150,35169,36708
106173,35169,35644,35663,37202
106186,35150,35625,35644,37183
106199,35131,35150,35606,37145
106212,34827,35131,35150,36689
106225,35131,35587,35606,37145
106238,35112,35568,35587,37126
106251,34789,34808,35112,36651
106264,34808,34827,35131,36670
106277,35093,35112,35568,37107
106290,35093,35549,36138,37677
106303,35093,35549,35568,37107
106316,34789,35074,35530,37069
106329,35530,36119,36138,37677
106342,34789,35093,35530,37069
106355,35492,35511,36100,37639
106368,35074,35511,35530,37069
106381,35036,35454,35473,37012
106394,35055,35074,35511,37050
106407,34751,34770,35036,36575
106420,34637,34789,35074,36613
106433,35017,35036,35454,36993
106446,34770,35036,35055,36594
106459,34637,34770,35074,36613
106472,34637,34789,34808,36347
106485,35017,35435,35454,36993
106498,34751,35017,35036,36575
106511,35435,36005,36024,37563
106524,35036,35055,35473,37012
106537,35473,36043,36062,37601
106550,35454,36024,36043,37582
106563,35454,35473,36043,37582
106576,35055,35492,35511,37050
106589,35473,35492,36062,37601
106602,35492,36081,36100,37639
106615,35492,36062,36081,37620
106628,35511,36100,36119,37658
106641,35264,35283,36822,37335
106654,34922,34941,36480,36841
106667,35112,35131,36670,37126
106680,35245,35264,36803,37297
106693,34922,35283,36822,36841
106706,34998,35017,36556,36955
106719,35359,35891,37430,37449
106732,35283,35302,36841,37354
106745,34979,35359,36898,36917
106758,34979,34998,36537,36936
106771,35340,35872,37411,37430
106784,35340,35359,36898,37430
106797,35321,35853,37392,37411
106810,34713,34922,36461,36480
106823,34941,34960,36499,36879
106836,35226,35720,37259,37278
106849,35321,35834,37373,37392
106862,34884,35226,36765,36784
106875,34865,35188,36727,36746
106888,34656,34808,36347,36366
106901,34713,34941,36480,36499
106914,34618,34713,36252,36271
106927,35416,35967,37506,37525
106940,35150,35169,36708,37183
106953,34789,35093,36632,36651
106966,34808,35112,36651,36670
106979,34770,35055,36594,36613
106992,34751,34998,36537,36556
107005,35093,35530,37069,37677
107018,35511,35530,37069,37658
107031,34656,34827,36366,36385
107044,35397,35416,36955,37506
107057,35359,35378,36917,37449
107070,35397,35948,37487,37506
107083,35378,35397,36936,37487
107096,35435,35986,37525,37544
107109,35055,35473,37012,37031
107122,34998,35397,36936,36955
107135,35416,35435,36974,37525
107148,35017,35416,36955,36974
107161,35435,35454,36993,37563
107174,34618,34637,36176,36195
107187,34732,34751,36290,36537
107200,34618,34675,36214,36233
107213,34960,34979,36518,36898
107226,34618,34732,36271,36290
107239,34903,35245,36784,36803
107252,34732,34979,36518,36537
107265,34713,34732,36271,36499
107278,34732,34960,36499,36518
107291,34941,35321,36860,36879
107304,35378,35910,37449,37468
107317,34960,35340,36879,36898
107330,35321,35340,36879,37411
107343,35378,35929,37468,37487
107356,34979,35378,36917,36936
107369,35302,35815,37354,37373
107382,34694,34884,36423,36442
107395,34903,34922,36461,36822
107408,35302,35321,36860,37373
107421,34941,35302,36841,36860
107434,35283,35796,37335,37354
107447,35264,35777,37316,37335
107460,35264,35758,37297,37316
107473,35245,35739,37278,37297
107486,34884,34903,36442,36784
107499,35226,35245,36784,37278
107512,35207,35226,36765,37259
107525,34675,34694,36233,36423
107538,34865,34884,36423,36765
107551,34903,35264,36803,36822
107564,34694,34713,36252,36461
107577,34656,34675,36214,36385
107590,34675,34865,36404,36423
107603,34694,34903,36442,36461
107616,34618,34694,36233,36252
107629,34618,34751,36290,36309
107642,34637,34656,36195,36347
107655,34618,34656,36195,36214
107668,34618,34637,36176,36309
107681,34846,35169,36708,36727
107694,34675,34846,36385,36404
107707,35169,35188,36727,37202
107720,34827,34846,36385,36708
107733,35188,35207,36746,37221
107746,34846,34865,36404,36727
107759,35207,35701,37240,37259
107772,34865,35207,36746,36765
107785,35188,35663,37202,37221
107798,35207,35682,37221,37240
107811,35150,35606,37145,37164
107824,34827,35150,36689,36708
107837,35169,35644,37183,37202
107850,35150,35625,37164,37183
107863,35131,35150,36689,37145
107876,34827,35131,36670,36689
107889,35131,35587,37126,37145
107902,35112,35568,37107,37126
107915,34789,34808,36347,36651
107928,34808,34827,36366,36670
107941,35093,35112,36651,37107
107954,35093,35549,37088,37677
107967,35093,35549,37088,37107
107980,34789,35074,36613,37069
107993,35530,36119,37658,37677
108006,34789,35093,36632,37069
108019,35492,35511,37050,37639
108032,35074,35511,37050,37069
108045,35036,35454,36993,37012
108058,35055,35074,36613,37050
108071,34751,34770,36309,36575
108084,34637,34789,36328,36613
108097,35017,35036,36575,36993
108110,34770,35036,36575,36594
108123,34637,34770,36309,36613
108136,34637,34789,36328,36347
108149,35017,35435,36974,36993
108162,34751,35017,36556,36575
108175,35435,36005,37544,37563
108188,35036,35055,36594,37012
108201,35473,36043,37582,37601
108214,35454,36024,37563,37582
108227,35454,35473,37012,37582
108240,35055,35492,37031,37050
108253,35473,35492,37031,37601
108266,35492,36081,37620,37639
108279,35492,36062,37601,37620
108292,35511,36100,37639,37658
108305,35264,36803,36822,37335
108318,34922,36461,36480,36841
108331,35112,36651,36670,37126
108344,35245,36784,36803,37297
108357,34922,36461,36822,36841
108370,34998,36537,36556,36955
108383,35359,36898,37430,37449
108396,35283,36822,36841,37354
108409,34979,36518,36898,36917
108422,34979,36518,36537,36936
108435,35340,36879,37411,37430
108448,35340,36879,36898,37430
108461,35321,36860,37392,37411
108474,34713,36252,36461,36480
108487,34941,36480,36499,36879
108500,35226,36765,37259,37278
108513,35321,36860,37373,37392
108526,34884,36423,36765,36784
108539,34865,36404,36727,36746
108552,34656,36195,36347,36366
108565,34713,36252,36480,36499
108578,34618,36157,36252,36271
108591,35416,36955,37506,37525
108604,35150,36689,36708,37183
108617,34789,36328,36632,36651
108630,34808,36347,36651,36670
108643,34770,36309,36594,36613
108656,34751,36290,36537,36556
108669,35093,36632,37069,37677
108682,35511,37050,37069,37658
108695,34656,36195,36366,36385
108708,35397,36936,36955,37506
108721,35359,36898,36917,37449
108734,35397,36936,37487,37506
108747,35378,36917,36936,37487
108760,35435,36974,37525,37544
108773,35055,36594,37012,37031
108786,34998,36537,36936,36955
108799,35416,36955,36974,37525
108812,35017,36556,36955,36974
108825,35435,36974,36993,37563
108838,34618,36157,36176,36195
108851,34732,36271,36290,36537
108864,34618,36157,36214,36233
108877,34960,36499,36518,36898
108890,34618,36157,36271,36290
108903,34903,36442,36784,36803
108916,34732,36271,36518,36537
108929,34713,36252,36271,36499
108942,34732,36271,36499,36518
108955,34941,36480,36860,36879
108968,35378,36917,37449,37468
108981,34960,36499,36879,36898
108994,35321,36860,36879,37411
109007,35378,36917,37468,37487
109020,34979,36518,36917,36936
109033,35302,36841,37354,37373
109046,34694,36233,36423,36442
109059,34903,36442,36461,36822
109072,35302,36841,36860,37373
109085,34941,36480,36841,36860
109098,35283,36822,37335,37354
109111,35264,36803,37316,37335
109124,35264,36803,37297,37316
109137,35245,36784,37278,37297
109150,34884,36423,36442,36784
109163,35226,36765,36784,37278
109176,35207,36746,36765,37259
109189,34675,36214,36233,36423
109202,34865,36404,36423,36765
109215,34903,36442,36803,36822
109228,34694,36233,36252,36461
109241,34656,36195,36214,36385
109254,34675,36214,36404,36423
109267,34694,36233,36442,36461
109280,34618,36157,36233,36252
109293,34618,36157,36290,36309
109306,34637,36176,36195,36347
109319,34618,36157,36195,36214
109332,34618,36157,36176,36309
109345,34846,36385,36708,36727
109358,34675,36214,36385,36404
109371,35169,36708,36727,37202
109384,34827,36366,36385,36708
109397,35188,36727,36746,37221
109410,34846,36385,36404,36727
109423,35207,36746,37240,37259
109436,34865,36404,36746,36765
109449,35188,36727,37202,37221
109462,35207,36746,37221,37240
109475,35150,36689,37145,37164
109488,34827,36366,36689,36708
109501,35169,36708,37183,37202
109514,35150,36689,37164,37183
109527,35131,36670,36689,37145
109540,34827,36366,36670,36689
109553,35131,36670,37126,37145
109566,35112,36651,37107,37126
109579,34789,36328,36347,36651
109592,34808,36347,36366,36670
109605,35093,36632,36651,37107
109618,35093,36632,37088,37677
109631,35093,36632,37088,37107
109644,34789,36328,36613,37069
109657,35530,37069,37658,37677
109670,34789,36328,36632,37069
109683,35492,37031,37050,37639
109696,35074,36613,37050,37069
109709,35036,36575,36993,37012
109722,35055,36594,36613,37050
109735,34751,36290,36309,36575
109748,34637,36176,36328,36613
109761,35017,36556,36575,36993
109774,34770,36309,36575,36594
109787,34637,36176,36309,36613
109800,34637,36176,36328,36347
109813,35017,36556,36974,36993
109826,34751,36290,36556,36575
109839,35435,36974,37544,37563
109852,35036,36575,36594,37012
109865,35473,37012,37582,37601
109878,35454,36993,37563,37582
109891,35454,36993,37012,37582
109904,35055,36594,37031,37050
109917,35473,37012,37031,37601
109930,35492,37031,37620,37639
109943,35492,37031,37601,37620
109956,35511,37050,37639,37658
109969,36803,36822,37335,38874
109982,36461,36480,36841,38380
109995,36651,36670,37126,38665
110008,36784,36803,37297,38836
110021,36461,36822,36841,38380
110034,36537,36556,36955,38494
110047,36898,37430,37449,38988
110060,36822,36841,37354,38893
110073,36518,36898,36917,38456
110086,36518,36537,36936,38475
110099,36879,37411,37430,38969
110112,36879,36898,37430,38969
110125,36860,37392,37411,38950
110138,36252,36461,36480,38019
110151,36480,36499,36879,38418
110164,36765,37259,37278,38817
110177,36860,37373,37392,38931
110190,36423,36765,36784,38323
110203,36404,36727,36746,38285
110216,36195,36347,36366,37905
110229,36252,36480,36499,38038
110242,36157,36252,36271,37810
110255,36955,37506,37525,39064
110268,36689,36708,37183,38722
110281,36328,36632,36651,38190
110294,36347,36651,36670,38209
110307,36309,36594,36613,38152
110320,36290,36537,36556,38095
110333,36632,37069,37677,39216
110346,37050,37069,37658,39197
110359,36195,36366,36385,37924
110372,36936,36955,37506,39045
110385,36898,36917,37449,38988
110398,36936,37487,37506,39045
110411,36917,36936,37487,39026
110424,36974,37525,37544,39083
110437,36594,37012,37031,38570
110450,36537,36936,36955,38494
110463,36955,36974,37525,39064
110476,36556,36955,36974,38513
110489,36974,36993,37563,39102
110502,36157,36176,36195,37734
110515,36271,36290,36537,38076
110528,36157,36214,36233,37772
110541,36499,36518,36898,38437
110554,36157,36271,36290,37829
110567,36442,36784,36803,38342
110580,36271,36518,36537,38076
110593,36252,36271,36499,38038
110606,36271,36499,36518,38057
110619,36480,36860,36879,38418
110632,36917,37449,37468,39007
110645,36499,36879,36898,38437
110658,36860,36879,37411,38950
110671,36917,37468,37487,39026
110684,36518,36917,36936,38475
110697,36841,37354,37373,38912
110710,36233,36423,36442,37981
110723,36442,36461,36822,38361
110736,36841,36860,37373,38912
110749,36480,36841,36860,38399
110762,36822,37335,37354,38893
110775,36803,37316,37335,38874
110788,36803,37297,37316,38855
110801,36784,37278,37297,38836
110814,36423,36442,36784,38323
110827,36765,36784,37278,38817
110840,36746,36765,37259,38798
110853,36214,36233,36423,37962
110866,36404,36423,36765,38304
110879,36442,36803,36822,38361
110892,36233,36252,36461,38000
110905,36195,36214,36385,37924
110918,36214,36404,36423,37962
110931,36233,36442,36461,38000
110944,36157,36233,36252,37791
110957,36157,36290,36309,37848
110970,36176,36195,36347,37886
110983,36157,36195,36214,37753
110996,36157,36176,36309,37848
111009,36385,36708,36727,38266
111022,36214,36385,36404,37943
111035,36708,36727,37202,38741
111048,36366,36385,36708,38247
111061,36727,36746,37221,38760
111074,36385,36404,36727,38266
111087,36746,37240,37259,38798
111100,36404,36746,36765,38304
111113,36727,37202,37221,38760
111126,36746,37221,37240,38779
111139,36689,37145,37164,38703
111152,36366,36689,36708,38247
111165,36708,37183,37202,38741
111178,36689,37164,37183,38722
111191,36670,36689,37145,38684
111204,36366,36670,36689,38228
111217,36670,37126,37145,38684
111230,36651,37107,37126,38665
111243,36328,36347,36651,38190
111256,36347,36366,36670,38209
111269,36632,36651,37107,38646
111282,36632,37088,37677,39216
111295,36632,37088,37107,38646
111308,36328,36613,37069,38608
111321,37069,37658,37677,39216
111334,36328,36632,37069,38608
111347,37031,37050,37639,39178
111360,36613,37050,37069,38608
111373,36575,36993,37012,38551
111386,36594,36613,37050,38589
111399,36290,36309,36575,38114
111412,36176,36328,36613,38152
111425,36556,36575,36993,38532
111438,36309,36575,36594,38133
111451,36176,36309,36613,38152
111464,36176,36328,36347,37886
111477,36556,36974,36993,38532
111490,36290,36556,36575,38114
111503,36974,37544,37563,39102
111516,36575,36594,37012,38551
111529,37012,37582,37601,39140
111542,36993,37563,37582,39121
111555,36993,37012,37582,39121
111568,36594,37031,37050,38589
111581,37012,37031,37601,39140
111594,37031,37620,37639,39178
111607,37031,37601,37620,39159
111620,37050,37639,37658,39197
111633,36803,36822,38361,38874
111646,36461,36480,38019,38380
111659,36651,36670,38209,38665
111672,36784,36803,38342,38836
111685,36461,36822,38361,38380
111698,36537,36556,38095,38494
111711,36898,37430,38969,38988
111724,36822,36841,38380,38893
111737,36518,36898,38437,38456
111750,36518,36537,38076,38475
111763,36879,37411,38950,38969
111776,36879,36898,38437,38969
111789,36860,37392,38931,38950
111802,36252,36461,38000,38019
111815,36480,36499,38038,38418
111828,36765,37259,38798,38817
111841,36860,37373,38912,38931
111854,36423,36765,38304,38323
111867,36404,36727,38266,38285
111880,36195,36347,37886,37905
111893,36252,36480,38019,38038
111906,36157,36252,37791,37810
111919,36955,37506,39045,39064
111932,36689,36708,38247,38722
111945,36328,36632,38171,38190
111958,36347,36651,38190,38209
111971,36309,36594,38133,38152
111984,36290,36537,38076,38095
111997,36632,37069,38608,39216
112010,37050,37069,38608,39197
112023,36195,36366,37905,37924
112036,36936,36955,38494,39045
112049,36898,36917,38456,38988
112062,36936,37487,39026,39045
112075,36917,36936,38475,39026
112088,36974,37525,39064,39083
112101,36594,37012,38551,38570
112114,36537,36936,38475,38494
112127,36955,36974,38513,39064
112140,36556,36955,38494,38513
112153,36974,36993,38532,39102
112166,36157,36176,37715,37734
112179,36271,36290,37829,38076
112192,36157,36214,37753,37772
112205,36499,36518,38057,38437
112218,36157,36271,37810,37829
112231,36442,36784,38323,38342
112244,36271,36518,38057,38076
112257,36252,36271,37810,38038
112270,36271,36499,38038,38057
112283,36480,36860,38399,38418
112296,36917,37449,38988,39007
112309,36499,36879,38418,38437
112322,36860,36879,38418,38950
112335,36917,37468,39007,39026
112348,36518,36917,38456,38475
112361,36841,37354,38893,38912
112374,36233,36423,37962,37981
112387,36442,36461,38000,38361
112400,36841,36860,38399,38912
112413,36480,36841,38380,38399
112426,36822,37335,38874,38893
112439,36803,37316,38855,38874
112452,36803,37297,38836,38855
112465,36784,37278,38817,38836
112478,36423,36442,37981,38323
112491,36765,36784,38323,38817
112504,36746,36765,38304,38798
112517,36214,36233,37772,37962
112530,36404,36423,37962,38304
112543,36442,36803,38342,38361
112556,36233,36252,37791,38000
112569,36195,36214,37753,37924
112582,36214,36404,37943,37962
112595,36233,36442,37981,38000
112608,36157,36233,37772,37791
112621,36157,36290,37829,37848
112634,36176,36195,37734,37886
112647,36157,36195,37734,37753
112660,36157,36176,37715,37848
112673,36385,36708,38247,38266
112686,36214,36385,37924,37943
112699,36708,36727,38266,38741
112712,36366,36385,37924,38247
112725,36727,36746,38285,38760
112738,36385,36404,37943,38266
112751,36746,37240,38779,38798
112764,36404,36746,38285,38304
112777,36727,37202,38741,38760
112790,36746,37221,38760,38779
112803,36689,37145,38684,38703
112816,36366,36689,38228,38247
112829,36708,37183,38722,38741
112842,36689,37164,38703,38722
112855,36670,36689,38228,38684
112868,36366,36670,38209,38228
112881,36670,37126,38665,38684
112894,36651,37107,38646,38665
112907,36328,36347,37886,38190
112920,36347,36366,37905,38209
112933,36632,36651,38190,38646
112946,36632,37088,38627,39216
112959,36632,37088,38627,38646
112972,36328,36613,38152,38608
112985,37069,37658,39197,39216
112998,36328,36632,38171,38608
113011,37031,37050,38589,39178
113024,36613,37050,38589,38608
113037,36575,36993,38532,38551
113050,36594,36613,38152,38589
113063,36290,36309,37848,38114
113076,36176,36328,37867,38152
113089,36556,36575,38114,38532
113102,36309,36575,38114,38133
113115,36176,36309,37848,38152
113128,36176,36328,37867,37886
113141,36556,36974,38513,38532
113154,36290,36556,38095,38114
113167,36974,37544,39083,39102
113180,36575,36594,38133,38551
113193,37012,37582,39121,39140
113206,36993,37563,39102,39121
113219,36993,37012,38551,39121
113232,36594,37031,38570,38589
113245,37012,37031,38570,39140
113258,37031,37620,39159,39178
113271,37031,37601,39140,39159
113284,37050,37639,39178,39197
113297,36803,38342,38361,38874
113310,36461,38000,38019,38380
113323,36651,38190,38209,38665
113336,36784,38323,38342,38836
113349,36461,38000,38361,38380
113362,36537,38076,38095,38494
113375,36898,38437,38969,38988
113388,36822,38361,38380,38893
113401,36518,38057,38437,38456
113414,36518,38057,38076,38475
113427,36879,38418,38950,38969
113440,36879,38418,38437,38969
113453,36860,38399,38931,38950
113466,36252,37791,38000,38019
113479,36480,38019,38038,38418
113492,36765,38304,38798,38817
113505,36860,38399,38912,38931
113518,36423,37962,38304,38323
113531,36404,37943,38266,38285
113544,36195,37734,37886,37905
113557,36252,37791,38019,38038
113570,36157,37696,37791,37810
113583,36955,38494,39045,39064
113596,36689,38228,38247,38722
113609,36328,37867,38171,38190
113622,36347,37886,38190,38209
113635,36309,37848,38133,38152
113648,36290,37829,38076,38095
113661,36632,38171,38608,39216
113674,37050,38589,38608,39197
113687,36195,37734,37905,37924
113700,36936,38475,38494,39045
113713,36898,38437,38456,38988
113726,36936,38475,39026,39045
113739,36917,38456,38475,39026
113752,36974,38513,39064,39083
113765,36594,38133,38551,38570
113778,36537,38076,38475,38494
113791,36955,38494,38513,39064
113804,36556,38095,38494,38513
113817,36974,38513,38532,39102
113830,36157,37696,37715,37734
113843,36271,37810,37829,38076
113856,36157,37696,37753,37772
113869,36499,38038,38057,38437
113882,36157,37696,37810,37829
113895,36442,37981,38323,38342
113908,36271,37810,38057,38076
113921,36252,37791,37810,38038
113934,36271,37810,38038,38057
113947,36480,38019,38399,38418
113960,36917,38456,38988,39007
113973,36499,38038,38418,38437
113986,36860,38399,38418,38950
113999,36917,38456,39007,39026
114012,36518,38057,38456,38475
114025,36841,38380,38893,38912
114038,36233,37772,37962,37981
114051,36442,37981,38000,38361
114064,36841,38380,38399,38912
114077,36480,38019,38380,38399
114090,36822,38361,38874,38893
114103,36803,38342,38855,38874
114116,36803,38342,38836,38855
114129,36784,38323,38817,38836
114142,36423,37962,37981,38323
114155,36765,38304,38323,38817
114168,36746,38285,38304,38798
114181,36214,37753,37772,37962
114194,36404,37943,37962,38304
114207,36442,37981,38342,38361
114220,36233,37772,37791,38000
114233,36195,37734,37753,37924
114246,36214,37753,37943,37962
114259,36233,37772,37981,38000
114272,36157,37696,37772,37791
114285,36157,37696,37829,37848
114298,36176,37715,37734,37886
114311,36157,37696,37734,37753
114324,36157,37696,37715,37848
114337,36385,37924,38247,38266
114350,36214,37753,37924,37943
114363,36708,38247,38266,38741
114376,36366,37905,37924,38247
114389,36727,38266,38285,38760
114402,36385,37924,37943,38266
114415,36746,38285,38779,38798
114428,36404,37943,38285,38304
114441,36727,38266,38741,38760
114454,36746,38285,38760,38779
114467,36689,38228,38684,38703
114480,36366,37905,38228,38247
114493,36708,38247,38722,38741
114506,36689,38228,38703,38722
114519,36670,38209,38228,38684
114532,36366,37905,38209,38228
114545,36670,38209,38665,38684
114558,36651,38190,38646,38665
114571,36328,37867,37886,38190
114584,36347,37886,37905,38209
114597,36632,38171,38190,38646
114610,36632,38171,38627,39216
114623,36632,38171,38627,38646
114636,36328,37867,38152,38608
114649,37069,38608,39197,39216
114662,36328,37867,38171,38608
114675,37031,38570,38589,39178
114688,36613,38152,38589,38608
114701,36575,38114,38532,38551
114714,36594,38133,38152,38589
114727,36290,37829,37848,38114
114740,36176,37715,37867,38152
114753,36556,38095,38114,38532
114766,36309,37848,38114,38133
114779,36176,37715,37848,38152
114792,36176,37715,37867,37886
114805,36556,38095,38513,38532
114818,36290,37829,38095,38114
114831,36974,38513,39083,39102
114844,36575,38114,38133,38551
114857,37012,38551,39121,39140
114870,36993,38532,39102,39121
114883,36993,38532,38551,39121
114896,36594,38133,38570,38589
114909,37012,38551,38570,39140
114922,37031,38570,39159,39178
114935,37031,38570,39140,39159
114948,37050,38589,39178,39197
114961,38342,38361,38874,40413
114974,38000,38019,38380,39919
114987,38190,38209,38665,40204
115000,38323,38342,38836,40375
115013,38000,38361,38380,39919
115026,38076,38095,38494,40033
115039,38437,38969,38988,40527
115052,38361,38380,38893,40432
115065,38057,38437,38456,39995
115078,38057,38076,38475,40014
115091,38418,38950,38969,40508
115104,38418,38437,38969,40508
115117,38399,38931,38950,40489
115130,37791,38000,38019,39558
115143,38019,38038,38418,39957
115156,38304,38798,38817,40356
115169,38399,38912,38931,40470
115182,37962,38304,38323,39862
115195,37943,38266,38285,39824
115208,37734,37886,37905,39444
115221,37791,38019,38038,39577
115234,37696,37791,37810,39349
115247,38494,39045,39064,40603
115260,38228,38247,38722,40261
115273,37867,38171,38190,39729
115286,37886,38190,38209,39748
115299,37848,38133,38152,39691
115312,37829,38076,38095,39634
115325,38171,38608,39216,40755
115338,38589,38608,39197,40736
115351,37734,37905,37924,39463
115364,38475,38494,39045,40584
115377,38437,38456,38988,40527
115390,38475,39026,39045,40584
115403,38456,38475,39026,40565
115416,38513,39064,39083,40622
115429,38133,38551,38570,40109
115442,38076,38475,38494,40033
115455,38494,38513,39064,40603
115468,38095,38494,38513,40052
115481,38513,38532,39102,40641
115494,37696,37715,37734,39273
115507,37810,37829,38076,39615
115520,37696,37753,37772,39311
115533,38038,38057,38437,39976
115546,37696,37810,37829,39368
115559,37981,38323,38342,39881
115572,37810,38057,38076,39615
115585,37791,37810,38038,39577
115598,37810,38038,38057,39596
115611,38019,38399,38418,39957
115624,38456,38988,39007,40546
115637,38038,38418,38437,39976
115650,38399,38418,38950,40489
115663,38456,39007,39026,40565
115676,38057,38456,38475,40014
115689,38380,38893,38912,40451
115702,37772,37962,37981,39520
115715,37981,38000,38361,39900
115728,38380,38399,38912,40451
115741,38019,38380,38399,39938
115754,38361,38874,38893,40432
115767,38342,38855,38874,40413
115780,38342,38836,38855,40394
115793,38323,38817,38836,40375
115806,37962,37981,38323,39862
115819,38304,38323,38817,40356
115832,38285,38304,38798,40337
115845,37753,37772,37962,39501
115858,37943,37962,38304,39843
115871,37981,38342,38361,39900
115884,37772,37791,38000,39539
115897,37734,37753,37924,39463
115910,37753,37943,37962,39501
115923,37772,37981,38000,39539
115936,37696,37772,37791,39330
115949,37696,37829,37848,39387
115962,37715,37734,37886,39425
115975,37696,37734,37753,39292
115988,37696,37715,37848,39387
116001,37924,38247,38266,39805
116014,37753,37924,37943,39482
116027,38247,38266,38741,40280
116040,37905,37924,38247,39786
116053,38266,38285,38760,40299
116066,37924,37943,38266,39805
116079,38285,38779,38798,40337
116092,37943,38285,38304,39843
116105,38266,38741,38760,40299
116118,38285,38760,38779,40318
116131,38228,38684,38703,40242
116144,37905,38228,38247,39786
116157,38247,38722,38741,40280
116170,38228,38703,38722,40261
116183,38209,38228,38684,40223
116196,37905,38209,38228,39767
116209,38209,38665,38684,40223
116222,38190,38646,38665,40204
116235,37867,37886,38190,39729
116248,37886,37905,38209,39748
116261,38171,38190,38646,40185
116274,38171,38627,39216,40755
116287,38171,38627,38646,40185
116300,37867,38152,38608,40147
116313,38608,39197,39216,40755
116326,37867,38171,38608,40147
116339,38570,38589,39178,40717
116352,38152,38589,38608,40147
116365,38114,38532,38551,40090
116378,38133,38152,38589,40128
116391,37829,37848,38114,39653
116404,37715,37867,38152,39691
116417,38095,38114,38532,40071
116430,37848,38114,38133,39672
116443,37715,37848,38152,39691
116456,37715,37867,37886,39425
116469,38095,38513,38532,40071
116482,37829,38095,38114,39653
116495,38513,39083,39102,40641
116508,38114,38133,38551,40090
116521,38551,39121,39140,40679
116534,38532,39102,39121,40660
116547,38532,38551,39121,40660
116560,38133,38570,38589,40128
116573,38551,38570,39140,40679
116586,38570,39159,39178,40717
116599,38570,39140,39159,40698
116612,38589,39178,39197,40736
116625,38342,38361,39900,40413
116638,38000,38019,39558,39919
116651,38190,38209,39748,40204
116664,38323,38342,39881,40375
116677,38000,38361,39900,39919
116690,38076,38095,39634,40033
116703,38437,38969,40508,40527
116716,38361,38380,39919,40432
116729,38057,38437,39976,39995
116742,38057,38076,39615,40014
116755,38418,38950,40489,40508
116768,38418,38437,39976,40508
116781,38399,38931,40470,40489
116794,37791,38000,39539,39558
116807,38019,38038,39577,39957
116820,38304,38798,40337,40356
116833,38399,38912,40451,40470
116846,37962,38304,39843,39862
116859,37943,38266,39805,39824
116872,37734,37886,39425,39444
116885,37791,38019,39558,39577
116898,37696,37791,39330,39349
116911,38494,39045,40584,40603
116924,38228,38247,39786,40261
116937,37867,38171,39710,39729
116950,37886,38190,39729,39748
116963,37848,38133,39672,39691
116976,37829,38076,39615,39634
116989,38171,38608,40147,40755
117002,38589,38608,40147,40736
117015,37734,37905,39444,39463
117028,38475,38494,40033,40584
117041,38437,38456,39995,40527
117054,38475,39026,40565,40584
117067,38456,38475,40014,40565
117080,38513,39064,40603,40622
117093,38133,38551,40090,40109
117106,38076,38475,40014,40033
117119,38494,38513,40052,40603
117132,38095,38494,40033,40052
117145,38513,38532,40071,40641
117158,37696,37715,39254,39273
117171,37810,37829,39368,39615
117184,37696,37753,39292,39311
117197,38038,38057,39596,39976
117210,37696,37810,39349,39368
117223,37981,38323,39862,39881
117236,37810,38057,39596,39615
117249,37791,37810,39349,39577
117262,37810,38038,39577,39596
117275,38019,38399,39938,39957
117288,38456,38988,40527,40546
117301,38038,38418,39957,39976
117314,38399,38418,39957,40489
117327,38456,39007,40546,40565
117340,38057,38456,39995,40014
117353,38380,38893,40432,40451
117366,37772,37962,39501,39520
117379,37981,38000,39539,39900
117392,38380,38399,39938,40451
117405,38019,38380,39919,39938
117418,38361,38874,40413,40432
117431,38342,38855,40394,40413
117444,38342,38836,40375,40394
117457,38323,38817,40356,40375
117470,37962,37981,39520,39862
117483,38304,38323,39862,40356
117496,38285,38304,39843,40337
117509,37753,37772,39311,39501
117522,37943,37962,39501,39843
117535,37981,38342,39881,39900
117548,37772,37791,39330,39539
117561,37734,37753,39292,39463
117574,37753,37943,39482,39501
117587,37772,37981,39520,39539
117600,37696,37772,39311,39330
117613,37696,37829,39368,39387
117626,37715,37734,39273,39425
117639,37696,37734,39273,39292
117652,37696,37715,39254,39387
117665,37924,38247,39786,39805
117678,37753,37924,39463,39482
117691,38247,38266,39805,40280
117704,37905,37924,39463,39786
117717,38266,38285,39824,40299
117730,37924,37943,39482,39805
117743,38285,38779,40318,40337
117756,37943,38285,39824,39843
117769,38266,38741,40280,40299
117782,38285,38760,40299,40318
117795,38228,38684,40223,40242
117808,37905,38228,39767,39786
117821,38247,38722,40261,40280
117834,38228,38703,40242,40261
117847,38209,38228,39767,40223
117860,37905,38209,39748,39767
117873,38209,38665,40204,40223
117886,38190,38646,40185,40204
117899,37867,37886,39425,39729
117912,37886,37905,39444,39748
117925,38171,38190,39729,40185
117938,38171,38627,40166,40755
117951,38171,38627,40166,40185
117964,37867,38152,39691,40147
117977,38608,39197,40736,40755
117990,37867,38171,39710,40147
118003,38570,38589,40128,40717
118016,38152,38589,40128,40147
118029,38114,38532,40071,40090
118042,38133,38152,39691,40128
118055,37829,37848,39387,39653
118068,37715,37867,39406,39691
118081,38095,38114,39653,40071
118094,37848,38114,39653,39672
118107,37715,37848,39387,39691
118120,37715,37867,39406,39425
118133,38095,38513,40052,40071
118146,37829,38095,39634,39653
118159,38513,39083,40622,40641
118172,38114,38133,39672,40090
118185,38551,39121,40660,40679
118198,38532,39102,40641,40660
118211,38532,38551,40090,40660
118224,38133,38570,40109,40128
118237,38551,38570,40109,40679
118250,38570,39159,40698,40717
118263,38570,39140,40679,40698
118276,38589,39178,40717,40736
118289,38342,39881,39900,40413
118302,38000,39539,39558,39919
118315,38190,39729,39748,40204
118328,38323,39862,39881,40375
118341,38000,39539,39900,39919
118354,38076,39615,39634,40033
118367,38437,39976,40508,40527
118380,38361,39900,39919,40432
118393,38057,39596,39976,39995
118406,38057,39596,39615,40014
118419,38418,39957,40489,40508
118432,38418,39957,39976,40508
118445,38399,39938,40470,40489
118458,37791,39330,39539,39558
118471,38019,39558,39577,39957
118484,38304,39843,40337,40356
118497,38399,39938,40451,40470
118510,37962,39501,39843,39862
118523,37943,39482,39805,39824
118536,37734,39273,39425,39444
118549,37791,39330,39558,39577
118562,37696,39235,39330,39349
118575,38494,40033,40584,40603
118588,38228,39767,39786,40261
118601,37867,39406,39710,39729
118614,37886,39425,39729,39748
118627,37848,39387,39672,39691
118640,37829,39368,39615,39634
118653,38171,39710,40147,40755
118666,38589,40128,40147,40736
118679,37734,39273,39444,39463
118692,38475,40014,40033,40584
118705,38437,39976,39995,40527
118718,38475,40014,40565,40584
118731,38456,39995,40014,40565
118744,38513,40052,40603,40622
118757,38133,39672,40090,40109
118770,38076,39615,40014,40033
118783,38494,40033,40052,40603
118796,38095,39634,40033,40052
118809,38513,40052,40071,40641
118822,37696,39235,39254,39273
118835,37810,39349,39368,39615
118848,37696,39235,39292,39311
118861,38038,39577,39596,39976
118874,37696,39235,39349,39368
118887,37981,39520,39862,39881
118900,37810,39349,39596,39615
118913,37791,39330,39349,39577
118926,37810,39349,39577,39596
118939,38019,39558,39938,39957
118952,38456,39995,40527,40546
118965,38038,39577,39957,39976
118978,38399,39938,39957,40489
118991,38456,39995,40546,40565
119004,38057,39596,39995,40014
119017,38380,39919,40432,40451
119030,37772,39311,39501,39520
119043,37981,39520,39539,39900
119056,38380,39919,39938,40451
119069,38019,39558,39919,39938
119082,38361,39900,40413,40432
119095,38342,39881,40394,40413
119108,38342,39881,40375,40394
119121,38323,39862,40356,40375
119134,37962,39501,39520,39862
119147,38304,39843,39862,40356
119160,38285,39824,39843,40337
119173,37753,39292,39311,39501
119186,37943,39482,39501,39843
119199,37981,39520,39881,39900
119212,37772,39311,39330,39539
119225,37734,39273,39292,39463
119238,37753,39292,39482,39501
119251,37772,39311,39520,39539
119264,37696,39235,39311,39330
119277,37696,39235,39368,39387
119290,37715,39254,39273,39425
119303,37696,39235,39273,39292
119316,37696,39235,39254,39387
119329,37924,39463,39786,39805
119342,37753,39292,39463,39482
119355,38247,39786,39805,40280
119368,37905,39444,39463,39786
119381,38266,39805,39824,40299
119394,37924,39463,39482,39805
119407,38285,39824,40318,40337
119420,37943,39482,39824,39843
119433,38266,39805,40280,40299
119446,38285,39824,40299,40318
119459,38228,39767,40223,40242
119472,37905,39444,39767,39786
119485,38247,39786,40261,40280
119498,38228,39767,40242,40261
119511,38209,39748,39767,40223
119524,37905,39444,39748,39767
119537,38209,39748,40204,40223
119550,38190,39729,40185,40204
119563,37867,39406,39425,39729
119576,37886,39425,39444,39748
119589,38171,39710,39729,40185
119602,38171,39710,40166,40755
119615,38171,39710,40166,40185
119628,37867,39406,39691,40147
119641,38608,40147,40736,40755
119654,37867,39406,39710,40147
119667,38570,40109,40128,40717
119680,38152,39691,40128,40147
119693,38114,39653,40071,40090
119706,38133,39672,39691,40128
119719,37829,39368,39387,39653
119732,37715,39254,39406,39691
119745,38095,39634,39653,40071
119758,37848,39387,39653,39672
119771,37715,39254,39387,39691
119784,37715,39254,39406,39425
119797,38095,39634,40052,40071
119810,37829,39368,39634,39653
119823,38513,40052,40622,40641
119836,38114,39653,39672,40090
119849,38551,40090,40660,40679
119862,38532,40071,40641,40660
119875,38532,40071,40090,40660
119888,38133,39672,40109,40128
119901,38551,40090,40109,40679
119914,38570,40109,40698,40717
119927,38570,40109,40679,40698
119940,38589,40128,40717,40736
119953,39881,39900,40413,41952
119966,39539,39558,39919,41458
119979,39729,39748,40204,41743
119992,39862,39881,40375,41914
120005,39539,39900,39919,41458
120018,39615,39634,40033,41572
120031,39976,40508,40527,42066
120044,39900,39919,40432,41971
120057,39596,39976,39995,41534
120070,39596,39615,40014,41553
120083,39957,40489,40508,42047
120096,39957,39976,40508,42047
120109,39938,40470,40489,42028
120122,39330,39539,39558,41097
120135,39558,39577,39957,41496
120148,39843,40337,40356,41895
120161,39938,40451,40470,42009
120174,39501,39843,39862,41401
120187,39482,39805,39824,41363
120200,39273,39425,39444,40983
120213,39330,39558,39577,41116
120226,39235,39330,39349,40888
120239,40033,40584,40603,42142
120252,39767,39786,40261,41800
120265,39406,39710,39729,41268
120278,39425,39729,39748,41287
120291,39387,39672,39691,41230
120304,39368,39615,39634,41173
120317,39710,40147,40755,42294
120330,40128,40147,40736,42275
120343,39273,39444,39463,41002
120356,40014,40033,40584,42123
120369,39976,39995,40527,42066
120382,40014,40565,40584,42123
120395,39995,40014,40565,42104
120408,40052,40603,40622,42161
120421,39672,40090,40109,41648
120434,39615,40014,40033,41572
120447,40033,40052,40603,42142
120460,39634,40033,40052,41591
120473,40052,40071,40641,42180
120486,39235,39254,39273,40812
120499,39349,39368,39615,41154
120512,39235,39292,39311,40850
120525,39577,39596,39976,41515
120538,39235,39349,39368,40907
120551,39520,39862,39881,41420
120564,39349,39596,39615,41154
120577,39330,39349,39577,41116
120590,39349,39577,39596,41135
120603,39558,39938,39957,41496
120616,39995,40527,40546,42085
120629,39577,39957,39976,41515
120642,39938,39957,40489,42028
120655,39995,40546,40565,42104
120668,39596,39995,40014,41553
120681,39919,40432,40451,41990
120694,39311,39501,39520,41059
120707,39520,39539,39900,41439
120720,39919,39938,40451,41990
120733,39558,39919,39938,41477
120746,39900,40413,40432,41971
120759,39881,40394,40413,41952
120772,39881,40375,40394,41933
120785,39862,40356,40375,41914
120798,39501,39520,39862,41401
120811,39843,39862,40356,41895
120824,39824,39843,40337,41876
120837,39292,39311,39501,41040
120850,39482,39501,39843,41382
120863,39520,39881,39900,41439
120876,39311,39330,39539,41078
120889,39273,39292,39463,41002
120902,39292,39482,39501,41040
120915,39311,39520,39539,41078
120928,39235,39311,39330,40869
120941,39235,39368,39387,40926
120954,39254,39273,39425,40964
120967,39235,39273,39292,40831
120980,39235,39254,39387,40926
120993,39463,39786,39805,41344
121006,39292,39463,39482,41021
121019,39786,39805,40280,41819
121032,39444,39463,39786,41325
121045,39805,39824,40299,41838
121058,39463,39482,39805,41344
121071,39824,40318,40337,41876
121084,39482,39824,39843,41382
121097,39805,40280,40299,41838
121110,39824,40299,40318,41857
121123,39767,40223,40242,41781
121136,39444,39767,39786,41325
121149,39786,40261,40280,41819
121162,39767,40242,40261,41800
121175,39748,39767,40223,41762
121188,39444,39748,39767,41306
121201,39748,40204,40223,41762
121214,39729,40185,40204,41743
121227,39406,39425,39729,41268
121240,39425,39444,39748,41287
121253,39710,39729,40185,41724
121266,39710,40166,40755,42294
121279,39710,40166,40185,41724
121292,39406,39691,40147,41686
121305,40147,40736,40755,42294
121318,39406,39710,40147,41686
121331,40109,40128,40717,42256
121344,39691,40128,40147,41686
121357,39653,40071,40090,41629
121370,39672,39691,40128,41667
121383,39368,39387,39653,41192
121396,39254,39406,39691,41230
121409,39634,39653,40071,41610
121422,39387,39653,39672,41211
121435,39254,39387,39691,41230
121448,39254,39406,39425,40964
121461,39634,40052,40071,41610
121474,39368,39634,39653,41192
121487,40052,40622,40641,42180
121500,39653,39672,40090,41629
121513,40090,40660,40679,42218
121526,40071,40641,40660,42199
121539,40071,40090,40660,42199
121552,39672,40109,40128,41667
121565,40090,40109,40679,42218
121578,40109,40698,40717,42256
121591,40109,40679,40698,42237
121604,40128,40717,40736,42275
121617,39881,39900,41439,41952
121630,39539,39558,41097,41458
121643,39729,39748,41287,41743
121656,39862,39881,41420,41914
121669,39539,39900,41439,41458
121682,39615,39634,41173,41572
121695,39976,40508,42047,42066
121708,39900,39919,41458,41971
121721,39596,39976,41515,41534
121734,39596,39615,41154,41553
121747,39957,40489,42028,42047
121760,39957,39976,41515,42047
121773,39938,40470,42009,42028
121786,39330,39539,41078,41097
121799,39558,39577,41116,41496
121812,39843,40337,41876,41895
121825,39938,40451,41990,42009
121838,39501,39843,41382,41401
121851,39482,39805,41344,41363
121864,39273,39425,40964,40983
121877,39330,39558,41097,41116
121890,39235,39330,40869,40888
121903,40033,40584,42123,42142
121916,39767,39786,41325,41800
121929,39406,39710,41249,41268
121942,39425,39729,41268,41287
121955,39387,39672,41211,41230
121968,39368,39615,41154,41173
121981,39710,40147,41686,42294
121994,40128,40147,41686,42275
122007,39273,39444,40983,41002
122020,40014,40033,41572,42123
122033,39976,39995,41534,42066
122046,40014,40565,42104,42123
122059,39995,40014,41553,42104
122072,40052,40603,42142,42161
122085,39672,40090,41629,41648
122098,39615,40014,41553,41572
122111,40033,40052,41591,42142
122124,39634,40033,41572,41591
122137,40052,40071,41610,42180
122150,39235,39254,40793,40812
122163,39349,39368,40907,41154
122176,39235,39292,40831,40850
122189,39577,39596,41135,41515
122202,39235,39349,40888,40907
122215,39520,39862,41401,41420
122228,39349,39596,41135,41154
122241,39330,39349,40888,41116
122254,39349,39577,41116,41135
122267,39558,39938,41477,41496
122280,39995,40527,42066,42085
122293,39577,39957,41496,41515
122306,39938,39957,41496,42028
122319,39995,40546,42085,42104
122332,39596,39995,41534,41553
122345,39919,40432,41971,41990
122358,39311,39501,41040,41059
122371,39520,39539,41078,41439
122384,39919,39938,41477,41990
122397,39558,39919,41458,41477
122410,39900,40413,41952,41971
122423,39881,40394,41933,41952
122436,39881,40375,41914,41933
122449,39862,40356,41895,41914
122462,39501,39520,41059,41401
122475,39843,39862,41401,41895
122488,39824,39843,41382,41876
122501,39292,39311,40850,41040
122514,39482,39501,41040,41382
122527,39520,39881,41420,41439
122540,39311,39330,40869,41078
122553,39273,39292,40831,41002
122566,39292,39482,41021,41040
122579,39311,39520,41059,41078
122592,39235,39311,40850,40869
122605,39235,39368,40907,40926
122618,39254,39273,40812,40964
122631,39235,39273,40812,40831
122644,39235,39254,40793,40926
122657,39463,39786,41325,41344
122670,39292,39463,41002,41021
122683,39786,39805,41344,41819
122696,39444,39463,41002,41325
122709,39805,39824,41363,41838
122722,39463,39482,41021,41344
122735,39824,40318,41857,41876
122748,39482,39824,41363,41382
122761,39805,40280,41819,41838
122774,39824,40299,41838,41857
122787,39767,40223,41762,41781
122800,39444,39767,41306,41325
122813,39786,40261,41800,41819
122826,39767,40242,41781,41800
122839,39748,39767,41306,41762
122852,39444,39748,41287,41306
122865,39748,40204,41743,41762
122878,39729,40185,41724,41743
122891,39406,39425,40964,41268
122904,39425,39444,40983,41287
122917,39710,39729,41268,41724
122930,39710,40166,41705,42294
122943,39710,40166,41705,41724
122956,39406,39691,41230,41686
122969,40147,40736,42275,42294
122982,39406,39710,41249,41686
122995,40109,40128,41667,42256
123008,39691,40128,41667,41686
123021,39653,40071,41610,41629
123034,39672,39691,41230,41667
123047,39368,39387,40926,41192
123060,39254,39406,40945,41230
123073,39634,39653,41192,41610
123086,39387,39653,41192,41211
123099,39254,39387,40926,41230
123112,39254,39406,40945,40964
123125,39634,40052,41591,41610
123138,39368,39634,41173,41192
123151,40052,40622,42161,42180
123164,39653,39672,41211,41629
123177,40090,40660,42199,42218
123190,40071,40641,42180,42199
123203,40071,40090,41629,42199
123216,39672,40109,41648,41667
123229,40090,40109,41648,42218
123242,40109,40698,42237,42256
123255,40109,40679,42218,42237
123268,40128,40717,42256,42275
123281,39881,41420,41439,41952
123294,39539,41078,41097,41458
123307,39729,41268,41287,41743
123320,39862,41401,41420,41914
123333,39539,41078,41439,41458
123346,39615,41154,41173,41572
123359,39976,41515,42047,42066
123372,39900,41439,41458,41971
123385,39596,41135,41515,41534
123398,39596,41135,41154,41553
123411,39957,41496,42028,42047
123424,39957,41496,41515,42047
123437,39938,41477,42009,42028
123450,39330,40869,41078,41097
123463,39558,41097,41116,41496
123476,39843,41382,41876,41895
123489,39938,41477,41990,42009
123502,39501,41040,41382,41401
123515,39482,41021,41344,41363
123528,39273,40812,40964,40983
123541,39330,40869,41097,41116
123554,39235,40774,40869,40888
123567,40033,41572,42123,42142
123580,39767,41306,41325,41800
123593,39406,40945,41249,41268
123606,39425,40964,41268,41287
123619,39387,40926,41211,41230
123632,39368,40907,41154,41173
123645,39710,41249,41686,42294
123658,40128,41667,41686,42275
123671,39273,40812,40983,41002
123684,40014,41553,41572,42123
123697,39976,41515,41534,42066
123710,40014,41553,42104,42123
123723,39995,41534,41553,42104
123736,40052,41591,42142,42161
123749,39672,41211,41629,41648
123762,39615,41154,41553,41572
123775,40033,41572,41591,42142
123788,39634,41173,41572,41591
123801,40052,41591,41610,42180
123814,39235,40774,40793,40812
123827,39349,40888,40907,41154
123840,39235,40774,40831,40850
123853,39577,41116,41135,41515
123866,39235,40774,40888,40907
123879,39520,41059,41401,41420
123892,39349,40888,41135,41154
123905,39330,40869,40888,41116
123918,39349,40888,41116,41135
123931,39558,41097,41477,41496
123944,39995,41534,42066,42085
123957,39577,41116,41496,41515
123970,39938,41477,41496,42028
123983,39995,41534,42085,42104
123996,39596,41135,41534,41553
124009,39919,41458,41971,41990
124022,39311,40850,41040,41059
124035,39520,41059,41078,41439
124048,39919,41458,41477,41990
124061,39558,41097,41458,41477
124074,39900,41439,41952,41971
124087,39881,41420,41933,41952
124100,39881,41420,41914,41933
124113,39862,41401,41895,41914
124126,39501,41040,41059,41401
124139,39843,41382,41401,41895
124152,39824,41363,41382,41876
124165,39292,40831,40850,41040
124178,39482,41021,41040,41382
124191,39520,41059,41420,41439
124204,39311,40850,40869,41078
124217,39273,40812,40831,41002
124230,39292,40831,41021,41040
124243,39311,40850,41059,41078
124256,39235,40774,40850,40869
124269,39235,40774,40907,40926
124282,39254,40793,40812,40964
124295,39235,40774,40812,40831
124308,39235,40774,40793,40926
124321,39463,41002,41325,41344
124334,39292,40831,41002,41021
124347,39786,41325,41344,41819
124360,39444,40983,41002,41325
124373,39805,41344,41363,41838
124386,39463,41002,41021,41344
124399,39824,41363,41857,41876
124412,39482,41021,41363,41382
124425,39805,41344,41819,41838
124438,39824,41363,41838,41857
124451,39767,41306,41762,41781
124464,39444,40983,41306,41325
124477,39786,41325,41800,41819
124490,39767,41306,41781,41800
124503,39748,41287,41306,41762
124516,39444,40983,41287,41306
124529,39748,41287,41743,41762
124542,39729,41268,41724,41743
124555,39406,40945,40964,41268
124568,39425,40964,40983,41287
124581,39710,41249,41268,41724
124594,39710,41249,41705,42294
124607,39710,41249,41705,41724
124620,39406,40945,41230,41686
124633,40147,41686,42275,42294
124646,39406,40945,41249,41686
124659,40109,41648,41667,42256
124672,39691,41230,41667,41686
124685,39653,41192,41610,41629
124698,39672,41211,41230,41667
124711,39368,40907,40926,41192
124724,39254,40793,40945,41230
124737,39634,41173,41192,41610
124750,39387,40926,41192,41211
124763,39254,40793,40926,41230
124776,39254,40793,40945,40964
124789,39634,41173,41591,41610
124802,39368,40907,41173,41192
124815,40052,41591,42161,42180
124828,39653,41192,41211,41629
124841,40090,41629,42199,42218
124854,40071,41610,42180,42199
124867,40071,41610,41629,42199
124880,39672,41211,41648,41667
124893,40090,41629,41648,42218
124906,40109,41648,42237,42256
124919,40109,41648,42218,42237
124932,40128,41667,42256,42275
124945,41420,41439,41952,43491
124958,41078,41097,41458,42997
124971,41268,41287,41743,43282
124984,41401,41420,41914,43453
124997,41078,41439,41458,42997
125010,41154,41173,41572,43111
125023,41515,42047,42066,43605
125036,41439,41458,41971,43510
125049,41135,41515,41534,43073
125062,41135,41154,41553,43092
125075,41496,42028,42047,43586
125088,41496,41515,42047,43586
125101,41477,42009,42028,43567
125114,40869,41078,41097,42636
125127,41097,41116,41496,43035
125140,41382,41876,41895,43434
125153,41477,41990,42009,43548
125166,41040,41382,41401,42940
125179,41021,41344,41363,42902
125192,40812,40964,40983,42522
125205,40869,41097,41116,42655
125218,40774,40869,40888,42427
125231,41572,42123,42142,43681
125244,41306,41325,41800,43339
125257,40945,41249,41268,42807
125270,40964,41268,41287,42826
125283,40926,41211,41230,42769
125296,40907,41154,41173,42712
125309,41249,41686,42294,43833
125322,41667,41686,42275,43814
125335,40812,40983,41002,42541
125348,41553,41572,42123,43662
125361,41515,41534,42066,43605
125374,41553,42104,42123,43662
125387,41534,41553,42104,43643
125400,41591,42142,42161,43700
125413,41211,41629,41648,43187
125426,41154,41553,41572,43111
125439,41572,41591,42142,43681
125452,41173,41572,41591,43130
125465,41591,41610,42180,43719
125478,40774,40793,40812,42351
125491,40888,40907,41154,42693
125504,40774,40831,40850,42389
125517,41116,41135,41515,43054
125530,40774,40888,40907,42446
125543,41059,41401,41420,42959
125556,40888,41135,41154,42693
125569,40869,40888,41116,42655
125582,40888,41116,41135,42674
125595,41097,41477,41496,43035
125608,41534,42066,42085,43624
125621,41116,41496,41515,43054
125634,41477,41496,42028,43567
125647,41534,42085,42104,43643
125660,41135,41534,41553,43092
125673,41458,41971,41990,43529
125686,40850,41040,41059,42598
125699,41059,41078,41439,42978
125712,41458,41477,41990,43529
125725,41097,41458,41477,43016
125738,41439,41952,41971,43510
125751,41420,41933,41952,43491
125764,41420,41914,41933,43472
125777,41401,41895,41914,43453
125790,41040,41059,41401,42940
125803,41382,41401,41895,43434
125816,41363,41382,41876,43415
125829,40831,40850,41040,42579
125842,41021,41040,41382,42921
125855,41059,41420,41439,42978
125868,40850,40869,41078,42617
125881,40812,40831,41002,42541
125894,40831,41021,41040,42579
125907,40850,41059,41078,42617
125920,40774,40850,40869,42408
125933,40774,40907,40926,42465
125946,40793,40812,40964,42503
125959,40774,40812,40831,42370
125972,40774,40793,40926,42465
125985,41002,41325,41344,42883
125998,40831,41002,41021,42560
126011,41325,41344,41819,43358
126024,40983,41002,41325,42864
126037,41344,41363,41838,43377
126050,41002,41021,41344,42883
126063,41363,41857,41876,43415
126076,41021,41363,41382,42921
126089,41344,41819,41838,43377
126102,41363,41838,41857,43396
126115,41306,41762,41781,43320
126128,40983,41306,41325,42864
126141,41325,41800,41819,43358
126154,41306,41781,41800,43339
126167,41287,41306,41762,43301
126180,40983,41287,41306,42845
126193,41287,41743,41762,43301
126206,41268,41724,41743,43282
126219,40945,40964,41268,42807
126232,40964,40983,41287,42826
126245,41249,41268,41724,43263
126258,41249,41705,42294,43833
126271,41249,41705,41724,43263
126284,40945,41230,41686,43225
126297,41686,42275,42294,43833
126310,40945,41249,41686,43225
126323,41648,41667,42256,43795
126336,41230,41667,41686,43225
126349,41192,41610,41629,43168
126362,41211,41230,41667,43206
126375,40907,40926,41192,42731
126388,40793,40945,41230,42769
126401,41173,41192,41610,43149
126414,40926,41192,41211,42750
126427,40793,40926,41230,42769
126440,40793,40945,40964,42503
126453,41173,41591,41610,43149
126466,40907,41173,41192,42731
126479,41591,42161,42180,43719
126492,41192,41211,41629,43168
126505,41629,42199,42218,43757
126518,41610,42180,42199,43738
126531,41610,41629,42199,43738
126544,41211,41648,41667,43206
126557,41629,41648,42218,43757
126570,41648,42237,42256,43795
126583,41648,42218,42237,43776
126596,41667,42256,42275,43814
126609,41420,41439,42978,43491
126622,41078,41097,42636,42997
126635,41268,41287,42826,43282
126648,41401,41420,42959,43453
126661,41078,41439,42978,42997
126674,41154,41173,42712,43111
126687,41515,42047,43586,43605
126700,41439,41458,42997,43510
126713,41135,41515,43054,43073
126726,41135,41154,42693,43092
126739,41496,42028,43567,43586
126752,41496,41515,43054,43586
126765,41477,42009,43548,43567
126778,40869,41078,42617,42636
126791,41097,41116,42655,43035
126804,41382,41876,43415,43434
126817,41477,41990,43529,43548
126830,41040,41382,42921,42940
126843,41021,41344,42883,42902
126856,40812,40964,42503,42522
126869,40869,41097,42636,42655
126882,40774,40869,42408,42427
126895,41572,42123,43662,43681
126908,41306,41325,42864,43339
126921,40945,41249,42788,42807
126934,40964,41268,42807,42826
126947,40926,41211,42750,42769
126960,40907,41154,42693,42712
126973,41249,41686,43225,43833
126986,41667,41686,43225,43814
126999,40812,40983,42522,42541
127012,41553,41572,43111,43662
127025,41515,41534,43073,43605
127038,41553,42104,43643,43662
127051,41534,41553,43092,43643
127064,41591,42142,43681,43700
127077,41211,41629,43168,43187
127090,41154,41553,43092,43111
127103,41572,41591,43130,43681
127116,41173,41572,43111,43130
127129,41591,41610,43149,43719
127142,40774,40793,42332,42351
127155,40888,40907,42446,42693
127168,40774,40831,42370,42389
127181,41116,41135,42674,43054
127194,40774,40888,42427,42446
127207,41059,41401,42940,42959
127220,40888,41135,42674,42693
127233,40869,40888,42427,42655
127246,40888,41116,42655,42674
127259,41097,41477,43016,43035
127272,41534,42066,43605,43624
127285,41116,41496,43035,43054
127298,41477,41496,43035,43567
127311,41534,42085,43624,43643
127324,41135,41534,43073,43092
127337,41458,41971,43510,43529
127350,40850,41040,42579,42598
127363,41059,41078,42617,42978
127376,41458,41477,43016,43529
127389,41097,41458,42997,43016
127402,41439,41952,43491,43510
127415,41420,41933,43472,43491
127428,41420,41914,43453,43472
127441,41401,41895,43434,43453
127454,41040,41059,42598,42940
127467,41382,41401,42940,43434
127480,41363,41382,42921,43415
127493,40831,40850,42389,42579
127506,41021,41040,42579,42921
127519,41059,41420,42959,42978
127532,40850,40869,42408,42617
127545,40812,40831,42370,42541
127558,40831,41021,42560,42579
127571,40850,41059,42598,42617
127584,40774,40850,42389,42408
127597,40774,40907,42446,42465
127610,40793,40812,42351,42503
127623,40774,40812,42351,42370
127636,40774,40793,42332,42465
127649,41002,41325,42864,42883
127662,40831,41002,42541,42560
127675,41325,41344,42883,43358
127688,40983,41002,42541,42864
127701,41344,41363,42902,43377
127714,41002,41021,42560,42883
127727,41363,41857,43396,43415
127740,41021,41363,42902,42921
127753,41344,41819,43358,43377
127766,41363,41838,43377,43396
127779,41306,41762,43301,43320
127792,40983,41306,42845,42864
127805,41325,41800,43339,43358
127818,41306,41781,43320,43339
127831,41287,41306,42845,43301
127844,40983,41287,42826,42845
127857,41287,41743,43282,43301
127870,41268,41724,43263,43282
127883,40945,40964,42503,42807
127896,40964,40983,42522,42826
127909,41249,41268,42807,43263
127922,41249,41705,43244,43833
127935,41249,41705,43244,43263
127948,40945,41230,42769,43225
127961,41686,42275,43814,43833
127974,40945,41249,42788,43225
127987,41648,41667,43206,43795
128000,41230,41667,43206,43225
128013,41192,41610,43149,43168
128026,41211,41230,42769,43206
128039,40907,40926,42465,42731
128052,40793,40945,42484,42769
128065,41173,41192,42731,43149
128078,40926,41192,42731,42750
128091,40793,40926,42465,42769
128104,40793,40945,42484,42503
128117,41173,41591,43130,43149
128130,40907,41173,42712,42731
128143,41591,42161,43700,43719
128156,41192,41211,42750,43168
128169,41629,42199,43738,43757
128182,41610,42180,43719,43738
128195,41610,41629,43168,43738
128208,41211,41648,43187,43206
128221,41629,41648,43187,43757
128234,41648,42237,43776,43795
128247,41648,42218,43757,43776
128260,41667,42256,43795,43814
128273,41420,42959,42978,43491
128286,41078,42617,42636,42997
128299,41268,42807,42826,43282
128312,41401,42940,42959,43453
128325,41078,42617,42978,42997
128338,41154,42693,42712,43111
128351,41515,43054,43586,43605
128364,41439,42978,42997,43510
128377,41135,42674,43054,43073
128390,41135,42674,42693,43092
128403,41496,43035,43567,43586
128416,41496,43035,43054,43586
128429,41477,43016,43548,43567
128442,40869,42408,42617,42636
128455,41097,42636,42655,43035
128468,41382,42921,43415,43434
128481,41477,43016,43529,43548
128494,41040,42579,42921,42940
128507,41021,42560,42883,42902
128520,40812,42351,42503,42522
128533,40869,42408,42636,42655
128546,40774,42313,42408,42427
128559,41572,43111,43662,43681
128572,41306,42845,42864,43339
128585,40945,42484,42788,42807
128598,40964,42503,42807,42826
128611,40926,42465,42750,42769
128624,40907,42446,42693,42712
128637,41249,42788,43225,43833
128650,41667,43206,43225,43814
128663,40812,42351,42522,42541
128676,41553,43092,43111,43662
128689,41515,43054,43073,43605
128702,41553,43092,43643,43662
128715,41534,43073,43092,43643
128728,41591,43130,43681,43700
128741,41211,42750,43168,43187
128754,41154,42693,43092,43111
128767,41572,43111,43130,43681
128780,41173,42712,43111,43130
128793,41591,43130,43149,43719
128806,40774,42313,42332,42351
128819,40888,42427,42446,42693
128832,40774,42313,42370,42389
128845,41116,42655,42674,43054
128858,40774,42313,42427,42446
128871,41059,42598,42940,42959
128884,40888,42427,42674,42693
128897,40869,42408,42427,42655
128910,40888,42427,42655,42674
128923,41097,42636,43016,43035
128936,41534,43073,43605,43624
128949,41116,42655,43035,43054
128962,41477,43016,43035,43567
128975,41534,43073,43624,43643
128988,41135,42674,43073,43092
129001,41458,42997,43510,43529
129014,40850,42389,42579,42598
129027,41059,42598,42617,42978
129040,41458,42997,43016,43529
129053,41097,42636,42997,43016
129066,41439,42978,43491,43510
129079,41420,42959,43472,43491
129092,41420,42959,43453,43472
129105,41401,42940,43434,43453
129118,41040,42579,42598,42940
129131,41382,42921,42940,43434
129144,41363,42902,42921,43415
129157,40831,42370,42389,42579
129170,41021,42560,42579,42921
129183,41059,42598,42959,42978
129196,40850,42389,42408,42617
129209,40812,42351,42370,42541
129222,40831,42370,42560,42579
129235,40850,42389,42598,42617
129248,40774,42313,42389,42408
129261,40774,42313,42446,42465
129274,40793,42332,42351,42503
129287,40774,42313,42351,42370
129300,40774,42313,42332,42465
129313,41002,42541,42864,42883
129326,40831,42370,42541,42560
129339,41325,42864,42883,43358
129352,40983,42522,42541,42864
129365,41344,42883,42902,43377
129378,41002,42541,42560,42883
129391,41363,42902,43396,43415
129404,41021,42560,42902,42921
129417,41344,42883,43358,43377
129430,41363,42902,43377,43396
129443,41306,42845,43301,43320
129456,40983,42522,42845,42864
129469,41325,42864,43339,43358
129482,41306,42845,43320,43339
129495,41287,42826,42845,43301
129508,40983,42522,42826,42845
129521,41287,42826,43282,43301
129534,41268,42807,43263,43282
129547,40945,42484,42503,42807
129560,40964,42503,42522,42826
129573,41249,42788,42807,43263
129586,41249,42788,43244,43833
129599,41249,42788,43244,43263
129612,40945,42484,42769,43225
129625,41686,43225,43814,43833
129638,40945,42484,42788,43225
129651,41648,43187,43206,43795
129664,41230,42769,43206,43225
129677,41192,42731,43149,43168
129690,41211,42750,42769,43206
129703,40907,42446,42465,42731
129716,40793,42332,42484,42769
129729,41173,42712,42731,43149
129742,40926,42465,42731,42750
129755,40793,42332,42465,42769
129768,40793,42332,42484,42503
129781,41173,42712,43130,43149
129794,40907,42446,42712,42731
129807,41591,43130,43700,43719
129820,41192,42731,42750,43168
129833,41629,43168,43738,43757
129846,41610,43149,43719,43738
129859,41610,43149,43168,43738
129872,41211,42750,43187,43206
129885,41629,43168,43187,43757
129898,41648,43187,43776,43795
129911,41648,43187,43757,43776
129924,41667,43206,43795,43814
