31540,63.7305661990586,63.7222880931912,27.6394842961776
42598,49.3718183973485,77.6955185505608,112
35492,85.0211833527289,43.0880666915139,52.097275987786
40299,71.8036128806451,103.231411216129,88
42294,103.231411216129,56.1963871193549,100
41173,64.2437987966055,44.0774732656431,100.079872314473
32832,30.7412155078982,41.7771906792159,28
35644,86.2228093207841,97.2587844921018,52
34219,41.7771906792159,97.2587844921018,40
30495,93.4775358293759,71.7828881962109,16
30533,85.7741472222334,85.1861027121151,16
42731,72.0156875857217,45.1403749803565,112
32376,71.1495682250514,34.547391610232,27.6596979616556
37677,103.231411216129,56.1963871193549,64
34979,49.8630105180002,49.9231257511718,52.1873558759298
40318,64,104,88
35891,27.0448186995485,48.6926627053964,52
39292,63.0726012050429,73.4770081325813,88.3560229262646
42028,24.7685887838708,56.1963871193549,100
32338,56.3310082376305,35.2342962946152,27.674161310541
42256,97.2587844921018,41.7771906792159,100
30039,70.6474776872797,70.9837947632574,16
37411,24.7685887838708,56.1963871193549,64
37069,92.6258551525338,56.4396582080776,63.9608349811827
32319,48.3432361758643,38.2177510872773,28.0323380412277
36499,45.1120315165059,57.310050347157,64.1804304762365
41458,34.6218105576208,72.6717821864021,99.6432252618299
34466,64,24,40
43415,56.1963871193549,103.231411216129,112
34352,27.0448186995485,48.6926627053964,40
34618,64.2424832872958,63.9359346593497,51.7809672999271
33269,82.2860899028355,71.919271754909,39.9307107890268
39729,93.504745177101,71.7850450594458,88.2972122622229
41040,56.1672202725131,82.2958509923214,99.6103313376353
36936,48.8611071703154,37.9165112532999,63.6348975084782
32509,100.955181300451,79.3073372946036,28
37753,63.1554792489937,73.9688371640782,75.664157072706
34010,104,64,40
30476,93.8986816184004,63.4324846590608,16
32908,56.1963871193549,24.7685887838708,28
35321,34.4338215148856,63.5983596970494,51.6250701130065
42921,56.4644788150157,92.6849848200509,112
37981,49.491015021409,77.4492886559829,76.1885293224946
40755,103.231411216129,56.1963871193549,88
38114,71.9948725973717,44.8572619044382,75.6648879419467
43111,56.394111330457,35.5138950556009,112
30305,45.7633735596063,72.0709396466954,16
35093,93.9100106377127,63.135766086058,52.3396811985067
35226,56.6850996497734,92.9207082302507,52.0686682695097
36214,63.3664494204015,74.1738889407303,63.6144265109521
40033,56.5268744951892,35.8680546720508,87.6269148275524
33288,78.2820974227963,78.7182146034182,39.8020481333967
38741,79.3073372946036,100.955181300451,76
36138,103.231411216129,56.1963871193549,52
33497,72.2941814677327,44.7561064251644,40.2569950241646
32642,56.1963871193549,103.231411216129,28
33117,70.9744583711992,71.2663363326386,40.0648988314488
42674,49.8714688330174,49.7386028330443,112
38779,64,104,76
41325,78.6787762892898,90.2390842203223,99.9996054946816
40546,35.7157287525381,35.7157287525381,88
36480,44.2569852015114,64.1447212695868,63.9958495168325
40337,56.1963871193549,103.231411216129,88
31749,78.476699937924,78.532117941586,27.9775675630744
40071,71.3221871136623,35.0603147649616,87.6217106209153
39957,35.346839138454,56.6571731614681,88.2852106728774
40394,35.7157287525381,92.2842712474619,88
39672,77.7867053800497,49.4470843510378,87.7702347944734
35283,37.8270336914429,79.3629132958818,51.9404941180092
32357,63.8536268086661,34.1112550438867,28.3635037282769
33155,57.2714383028098,71.5032567682903,40.3523442648387
34960,45.3975880083541,56.8931918198328,52.1555098541898
38171,93.8307366964767,63.5855012112728,75.7953811433094
33820,37.4909932348748,48.8321889524978,40.003655085073
37810,56.2329310850471,56.9719958411863,75.8644075173411
37734,70.6951123769786,71.184186569595,75.9181242814491
41990,24.7685887838708,71.8036128806451,100
36632,94.2576347616872,63.4241274222144,63.6989792931452
37544,64,24,64
34276,27.0448186995485,79.3073372946036,40
31521,103.231411216129,56.1963871193549,16
33554,93.6922210755867,63.1600449409716,40.0981319160274
38380,34.5656722691484,72.1288798941904,75.7260159592151
31996,82.6477126812315,56.7724634276979,28.1638269892694
36670,89.3127141432186,78.9936749414955,64.333719790704
33174,54.4424633578799,63.5351967236899,40.2283711581326
30856,79.4243465197752,38.2517929979219,16
32053,89.94657864657,79.2642384914634,28.2646296712123
39064,56.1963871193549,24.7685887838708,76
43624,35.7157287525381,35.7157287525381,112
31920,56.1524212047957,45.8356700749182,27.7691861304095
35777,35.7157287525381,92.2842712474619,52
39615,56.4705864486256,45.5691652604194,87.604760946008
31426,79.3073372946036,27.0448186995485,16
35986,56.1963871193549,24.7685887838708,52
38038,44.9130956540809,56.6116285489654,75.6851350127353
36575,71.8292574802304,45.25067860072,64.2488268205339
37525,56.1963871193549,24.7685887838708,64
39444,78.2069883867323,78.6326185075757,87.9327745574358
35701,64,104,52
40090,79.5728801197076,38.439671026865,87.8333682960892
42560,63.7392993675851,84.2579072606304,112
35302,34.586355538321,72.4744768939602,51.7161665271952
32794,24.7685887838708,56.1963871193549,28
41192,72.1223316582399,45.3485957078587,100.002409077628
33725,43.2984843227585,84.6870891077781,39.932687361018
37886,82.5338950382244,71.4542591273901,75.656749516326
31863,44.0334951818712,64.7754147968872,27.6606955519019
38399,34.5160983753229,64.027499873771,76.0488487562617
40945,84.5845843705138,63.996926179437,100.194201326437
35131,89.9661629854217,79.1684711466164,51.6138194894892
38665,100.955181300451,79.3073372946036,76
37829,63.7303630338702,53.7392473035903,75.8897360565886
34409,41.7771906792159,30.7412155078982,40
30343,45.1394164570674,56.9301668380405,16
34333,24.7685887838708,56.1963871193549,40
37164,92.2842712474619,92.2842712474619,64
37050,90.2223278274322,48.448207319194,64.0893391346233
37259,56.1963871193549,103.231411216129,64
41515,37.4397492867115,49.3995728158589,100.170495009108
31977,77.9757687478103,49.8209103171658,27.8032420357751
31939,64.1379763963956,44.0448857146135,27.7859554551483
31293,30.7412155078982,41.7771906792159,16
42541,71.2357689959591,82.8009230106024,112
43529,24.7685887838708,71.8036128806451,112
36233,57.1012659352785,71.4388049568122,63.6365776358527
40280,79.3073372946036,100.955181300451,88
31274,27.0448186995485,48.6926627053964,16
30115,56.5143858207145,56.9471884983023,16
34713,54.0744631323109,63.5593446440007,52.1038905422694
40774,64.2602826621966,64.1461615111817,100.393881298338
35834,24.7685887838708,71.8036128806451,52
42883,71.7073835601686,92.9495655868921,112
31825,49.062714840333,77.8844662324996,28.158449749487
32870,41.7771906792159,30.7412155078982,28
39900,37.7867049567084,78.9621275190026,88.0836476079061
37297,41.7771906792159,97.2587844921018,64
37373,24.7685887838708,71.8036128806451,64
31065,71.8036128806451,103.231411216129,16
34561,97.2587844921018,41.7771906792159,40
30020,74.441854694146,63.6932724915965,16
40660,79.3073372946036,27.0448186995485,88
37354,27.0448186995485,79.3073372946036,64
32756,24.7685887838708,71.8036128806451,28
31217,24.7685887838708,71.8036128806451,16
43833,103.231411216129,56.1963871193549,112
38836,41.7771906792159,97.2587844921018,76
30077,57.1314893249486,71.4588267423501,16
38817,48.6926627053964,100.955181300451,76
30134,63.5862378053219,53.9831959705233,16
34941,43.8289037906535,64.8025829216132,51.7957124890329
35853,24,64,52
30647,43.050187797122,84.6493100151767,16
36841,34.4908020085764,72.2414903504935,63.9793555323714
38475,48.664006803297,38.402824438443,75.8360601192752
33402,44.0291955222013,64.457818958156,40.2759890169413
34998,56.5840633913631,45.7564424544483,51.786299445987
41553,48.4372937959483,38.591373800537,100.102452663197
30457,82.4428372532093,56.9200737833661,16
36727,71.8198006306907,92.8222768182223,63.9414664205799
31654,56.618592405645,56.7143260297289,28.3573373362594
39805,71.785706991014,92.5996621201732,87.8787018708641
30894,90.4685097170318,48.8105734563773,16
41477,34.572346606313,64.2849168209015,100.247863580371
41154,56.6354319471912,45.5421822309406,100.396190962036
38095,64.4205326485741,44.1658239281481,76.1275191852612
41135,49.8145167767422,49.8506290117559,100.063273870306
34808,82.4514946744895,71.4063020118832,52.2714356105669
41059,49.7528492200868,77.8667770517697,100.300301083819
40204,100.955181300451,79.3073372946036,88
32737,27.0448186995485,79.3073372946036,28
42009,24,64,100
31597,63.5993310847006,73.6682258227671,28.0115185520432
41610,71.7114536865145,35.0447129126553,100.217753992882
41724,103.231411216129,71.8036128806451,100
34751,63.6980868614999,53.7600951822597,51.9735835560874
31958,71.9327905573023,45.4956702390074,27.888705733358
32813,27.0448186995485,48.6926627053964,28
39102,71.8036128806451,24.7685887838708,76
30989,97.2587844921018,86.2228093207841,16
40489,24.7685887838708,56.1963871193549,88
32224,34.0889747708466,72.0190799040592,27.7201374625207
43434,48.6926627053964,100.955181300451,112
36822,38.3569521985889,79.3446940896412,63.9973588550838
36081,92.2842712474619,35.7157287525381,52
36689,85.5953460892762,85.0486840420381,64.3544058341704
36974,63.1267488372767,34.0026963175016,64.0487818180827
34257,30.7412155078982,86.2228093207841,40
30837,71.3324518034695,34.9258568242801,16
37012,79.2980817638844,38.4187570749509,64.1485754416338
36765,56.6576867881172,92.6586708010553,63.9570926101546
40527,30.7412155078982,41.7771906792159,88
31369,56.1963871193549,24.7685887838708,16
41420,43.3558024407909,84.8852947620667,100.110487400579
32167,49.3929233949159,90.554798208699,27.753834051196
43605,30.7412155078982,41.7771906792159,112
37145,97.2587844921018,86.2228093207841,64
43491,30.7412155078982,86.2228093207841,112
32946,71.8036128806451,24.7685887838708,28
43510,27.0448186995485,79.3073372946036,112
38266,71.5580815060475,92.7651736720914,76.0707208648377
30780,48.7151966717419,38.3150735585889,16
31407,71.8036128806451,24.7685887838708,16
30267,56.5053038150963,82.581051021045,16
32186,43.3807823823176,84.300204779455,27.9530992861067
35929,35.7157287525381,35.7157287525381,52
30191,82.6358880101972,71.620493231148,16
30381,56.303333270213,45.798269262994,16
43016,34.2154528648908,63.9153854498717,112
38323,49.2091074786106,90.265740379382,75.9323835079336
34770,71.1414326748782,56.216920984848,52.0358807363748
43339,86.2228093207841,97.2587844921018,112
38076,56.133081502122,45.7619036700967,75.7425858408548
40147,92.856821007474,56.2246274397253,87.7453947563118
32547,92.2842712474619,92.2842712474619,28
34580,100.955181300451,48.6926627053964,40
36309,71.1417077273122,56.7883589360544,63.895687515143
34922,45.5095060457491,71.8823758930455,51.8012522077758
34637,74.4610875275613,63.6601263032336,51.6274814501864
42427,56.5143858207145,56.9471884983023,112
34903,49.2829177943077,77.832009047117,52.0286211596217
36803,42.8294427816756,84.8776135174667,64.071390048988
40926,71.5295208258238,56.2944426099798,100.02242212887
42712,64.4183496236077,43.9390329823635,112
42959,43.050187797122,84.6493100151767,112
36252,54.3227160085561,63.3907163161767,63.9076346886905
41705,104,64,100
34200,48.6926627053964,100.955181300451,40
32927,64,24,28
43548,24,64,112
34884,56.5527264588107,82.2419231548459,52.1891495924003
36879,34.8916716992533,56.6439009935446,64.1585614897649
31008,92.2842712474619,92.2842712474619,16
33326,63.5313785424873,83.9709922723858,39.9437794833626
30932,104,64,16
39273,70.9095558660685,70.9707753485216,88.3660703308621
36005,64,24,52
31198,27.0448186995485,79.3073372946036,16
36100,97.2587844921018,41.7771906792159,52
31160,35.7157287525381,92.2842712474619,16
36518,49.5267002030578,49.3746135912899,63.6688331736574
43187,85.0853170513872,42.853383377768,112
42180,71.8036128806451,24.7685887838708,100
43301,97.2587844921018,86.2228093207841,112
36917,42.331976730332,43.2356215937528,63.7923752763863
38798,56.1963871193549,103.231411216129,76
34485,71.8036128806451,24.7685887838708,40
38228,86.1248719801326,85.1533112183992,75.7348266798
39862,49.5126755492615,90.7610317724293,88.3049974466406
38152,82.4287431057844,56.6889699130696,75.7947657673154
30096,54.2178603654074,63.5193831860069,16
30153,71.2763225201369,56.5411858426695,16
38532,71.4321919370633,35.2569354995005,76.2677841309709
38684,97.2587844921018,86.2228093207841,76
43643,41.7771906792159,30.7412155078982,112
38494,56.5339633034427,35.723090735573,75.8067675377257
37240,64,104,64
40983,78.3615344751975,78.4865128955657,99.662274528577
36537,55.9678369446987,46.1153104182311,64.2050150366838
40128,90.7930792396699,48.5460666346335,88.3834242294163
30799,56.394111330457,35.5138950556009,16
36898,37.636469511145,49.3029052683742,63.7666687775728
31046,79.3073372946036,100.955181300451,16
34067,97.2587844921018,86.2228093207841,40
42617,45.7633735596063,72.0709396466954,112
42579,56.5053038150963,82.581051021045,112
43206,90.4685097170318,48.8105734563773,112
39691,82.3179621100677,56.676022197732,87.9757500256
37943,64.1179088320959,83.8787271394344,76.2177341070892
39330,53.9153410630109,63.6979425864611,88.1011277950142
37221,71.8036128806451,103.231411216129,64
41971,27.0448186995485,79.3073372946036,100
33706,49.4593216787676,90.4794680438597,40.160160010012
32414,85.4221532943028,42.8521384140254,27.7085460518437
32110,71.573266253539,93.0569321503756,28.3495354002291
39235,63.8208605751015,64.0758703165035,88.0800970312045
35682,71.8036128806451,103.231411216129,52
35625,92.2842712474619,92.2842712474619,52
32965,79.3073372946036,27.0448186995485,28
36651,93.1641311193858,71.4972777965214,64.3083272595802
39121,79.3073372946036,27.0448186995485,76
39254,74.4449858050271,63.8414328036708,88.0225144165569
42484,84.4023715387879,64.0313585427171,112
37335,30.7412155078982,86.2228093207841,64
32015,93.8688946695176,63.1240122284081,28.3697357520945
39501,56.1656175954659,82.8355527192875,87.6634947282146
43472,35.7157287525381,92.2842712474619,112
40014,48.5013599657441,38.4849015104572,87.9651852418623
38133,77.5204954178655,49.4154638898128,75.7584670089035
32205,37.8378276897995,79.3138051400907,28.0767877153731
39311,57.2640603117796,71.6272114383055,88.0171449687514
38057,49.800391957159,49.4365308228817,75.6545178830603
35663,79.3073372946036,100.955181300451,52
31350,48.6926627053964,27.0448186995485,16
34846,71.3407134207724,82.4645792882634,52.1181918528201
36366,78.4700742272883,78.373205112922,64.0464094722261
34371,30.7412155078982,41.7771906792159,40
33611,85.9590430021422,85.1235478803894,39.7877335074072
33744,38.2516619610814,78.9670598973233,40.278861279678
40717,97.2587844921018,41.7771906792159,88
39045,48.6926627053964,27.0448186995485,76
39216,103.231411216129,56.1963871193549,76
41933,35.7157287525381,92.2842712474619,100
38000,45.754225556371,72.3974714140431,76.100303052645
38361,37.8233839244732,79.5727940302098,75.610704675155
37430,27.0448186995485,48.6926627053964,64
33022,97.2587844921018,41.7771906792159,28
36176,74.6072645773079,63.405025542797,64.1410698332992
36024,71.8036128806451,24.7685887838708,52
32718,30.7412155078982,86.2228093207841,28
39634,64.76785612231,43.6996331976681,88.1797792727845
30419,72.0156875857217,45.1403749803565,16
32889,48.6926627053964,27.0448186995485,28
33953,85.163630745638,42.8548135115305,39.6708344627583
41211,78.137871405422,49.6932059982488,99.6633041678092
37791,54.0398350717112,63.6471801752772,76.1242263686813
37202,79.3073372946036,100.955181300451,64
30324,44.0112587296883,64.513645891718,16
42218,86.2228093207841,30.7412155078982,100
35359,37.6096716573503,49.3103867078825,51.9139856306491
33440,49.6037701506598,50.0975069829186,40.1894947479883
41743,100.955181300451,79.3073372946036,100
30913,92.554108134263,56.1216615454316,16
38570,85.4014201776274,43.0630913039231,75.7631679237
30210,78.153959368556,78.6327673154281,16
43244,104,64,112
41382,56.270953340834,92.4295160988749,99.6618810025635
31692,71.0343193408608,56.8128729677179,27.8205778713917
41230,82.1014027190039,56.5810855385913,99.8666571208563
41667,90.8347270007185,48.6716594503588,100.207070960611
31103,56.1963871193549,103.231411216129,16
43757,86.2228093207841,30.7412155078982,112
37468,35.7157287525381,35.7157287525381,64
37715,74.14920236972,63.5115298403257,75.7014137398219
36556,64.4159467457568,44.2877519609203,63.6105369566199
33079,63.9846823117122,63.9643874062288,39.8979981946401
32604,71.8036128806451,103.231411216129,28
34428,48.6926627053964,27.0448186995485,40
35017,64.4176765688495,43.9481652490664,51.8470431982742
35587,100.955181300451,79.3073372946036,52
38209,89.4678102188114,79.5922635376304,75.789426609512
42351,70.6474776872797,70.9837947632574,112
34105,86.2228093207841,97.2587844921018,40
37924,71.4166095973272,82.882480182297,76.1865821939343
34694,56.7443136040484,71.6051024138698,51.7576760350222
35150,85.9639402996107,85.5740655589473,52.2397241057682
33573,93.1030594745804,71.603174189499,39.8061740040126
37962,56.2862420895223,82.3690618771672,76.3316093470145
40888,56.3263465162373,56.679257665313,99.6262729485955
41401,49.1008911749319,90.565978043674,99.6414790698928
40831,63.8469206440262,73.5883648214206,99.7052001486429
35340,35.3036668999465,56.2268682377092,51.7786824860416
30058,63.4569450383843,73.8649263670696,16
42826,89.6909227712983,79.3721356069608,112
39653,72.3521072260566,44.8070286792107,88.1067850001036
30609,56.4644788150157,92.6849848200509,16
31711,84.5444176319733,63.6392872125787,28.1216594740798
39748,89.6480458979244,79.3044192946339,88.2945902489494
38627,104,64,76
43719,71.8036128806451,24.7685887838708,112
33763,34.6208436634553,72.7180582985665,40.2970719898046
39178,97.2587844921018,41.7771906792159,76
42465,71.2763225201369,56.5411858426695,112
43586,27.0448186995485,48.6926627053964,112
36594,77.6384726004543,49.9721788166686,64.2724421600865
32433,90.0858649279337,49.1432110876819,28.0231685306915
35188,71.9052895508547,93.0190618752189,52.3753106742123
31388,64,24,16
40907,63.8851973976424,53.819238745603,100.014525106038
35416,56.6719065798431,35.1195318529324,52.1679664152639
42636,44.0112587296883,64.513645891718,112
39938,34.08145150112,63.9969559819379,87.6603984030375
39520,49.0648128326761,77.839350640384,87.9559367575595
33592,89.8374134875752,79.1648295821294,40.152879085
32300,42.6225243157384,43.6283333419572,28.1301484723778
31464,92.2842712474619,35.7157287525381,16
40413,30.7412155078982,86.2228093207841,88
30172,84.4023715387879,64.0313585427171,16
34162,64,104,40
40109,85.1185458940198,43.1456903382631,88.2594454108335
36119,100.955181300451,48.6926627053964,52
32623,64,104,28
37506,48.6926627053964,27.0448186995485,64
30400,64.4183496236077,43.9390329823635,16
42123,48.6926627053964,27.0448186995485,100
41268,93.3813598352204,71.6763968499608,99.7372363528854
42997,34.4640586088984,72.3540383830795,112
42940,49.1348576620791,90.4820506908463,112
41097,43.9497548459309,64.2860551305063,99.8943345891898
42275,100.955181300451,48.6926627053964,100
39463,71.102393397594,83.1610236276152,87.6993262313585
38456,42.0639003181321,43.4356472613284,76.1102956184089
40622,64,24,88
37126,100.955181300451,79.3073372946036,64
38931,24,64,76
37848,71.2391418605017,56.4012121121331,75.8527392436847
38608,92.3517276219953,56.3824153829426,76.189520720369
36385,71.0426468638841,82.7435527967203,63.9219965703206
33345,56.2191890828334,82.5072249350308,39.7995234739453
33003,92.2842712474619,35.7157287525381,28
33364,49.2107622264226,77.5906880713848,39.6586708042927
37601,86.2228093207841,30.7412155078982,64
37449,30.7412155078982,41.7771906792159,64
34504,79.3073372946036,27.0448186995485,40
41572,56.3596649912387,35.3413222214212,99.7233649324284
37620,92.2842712474619,35.7157287525381,64
40565,41.7771906792159,30.7412155078982,88
42845,85.7741472222334,85.1861027121151,112
41952,30.7412155078982,86.2228093207841,100
41306,85.5028288966531,85.5001746466097,100.01784026306
34523,86.2228093207841,30.7412155078982,40
42142,56.1963871193549,24.7685887838708,100
42332,74.441854694146,63.6932724915965,112
37183,86.2228093207841,97.2587844921018,64
31616,56.783831944682,71.7309115726367,27.8882621689948
38874,30.7412155078982,86.2228093207841,76
33136,63.4974880372916,73.8094372558542,40.0771639800015
40432,27.0448186995485,79.3073372946036,88
35074,82.7164441809807,57.1805443327564,51.9950417020347
32984,86.2228093207841,30.7412155078982,28
38019,44.1442196303101,64.3636347497534,76.0223079193952
33877,56.1537661671526,35.157015678154,39.8564142650476
43776,92.2842712474619,35.7157287525381,112
33668,63.8246625775008,93.7296362227081,40.3074699661041
34295,24.7685887838708,71.8036128806451,40
36062,86.2228093207841,30.7412155078982,52
43396,64,104,112
30723,35.2343036497313,56.2592329513024,16
31236,24,64,16
39007,35.7157287525381,35.7157287525381,76
37031,84.7824499096119,42.7873539690252,64.1203513488137
33307,71.5323613517225,83.0639338328168,40.1828553801147
35264,42.7211140535224,84.7065937208879,52.0545525620199
33193,56.2908515086266,57.0754301632428,40.1082665526328
36195,70.7151792999543,71.1988541212513,64.1438236322033
31673,63.3602536818993,53.842842411185,27.9599760379425
39710,94.0673073869555,63.7274097720282,87.6998032438189
31483,97.2587844921018,41.7771906792159,16
40166,104,64,88
42503,82.6358880101972,71.620493231148,112
33649,71.5413723946848,92.6908271510949,39.6274407842886
43795,97.2587844921018,41.7771906792159,112
37487,41.7771906792159,30.7412155078982,64
37905,77.7933250566758,78.6013684793398,76.1725758463028
33915,71.2944704889769,34.7667189491071,40.3986511220765
42408,54.2178603654074,63.5193831860069,112
31787,64.011815965597,83.9940926156882,28.3480257367443
40223,97.2587844921018,86.2228093207841,88
38950,24.7685887838708,56.1963871193549,76
36328,84.2778115380646,64.2084755472581,64.3297911384236
38855,35.7157287525381,92.2842712474619,76
42313,64,64,112
41819,79.3073372946036,100.955181300451,100
40375,41.7771906792159,97.2587844921018,88
42066,30.7412155078982,41.7771906792159,100
35245,49.4129875807881,90.4657276927504,51.8758005079101
34181,56.1963871193549,103.231411216129,40
39140,86.2228093207841,30.7412155078982,76
31635,53.8392738405314,63.3437846878067,28.311415822979
41876,56.1963871193549,103.231411216129,100
37107,103.231411216129,71.8036128806451,64
33383,45.9722845180806,71.8975304304364,39.7858823723717
32490,103.231411216129,71.8036128806451,28
43035,35.2343036497313,56.2592329513024,112
39368,63.4693689036874,53.8077052137566,88.2419552833951
42902,64.1103176318128,93.7771365826515,112
36746,64.2274785507783,93.8391109532662,64.112823635232
39482,64.0691882182923,84.6161978744535,87.9957530932058
38893,27.0448186995485,79.3073372946036,76
37639,97.2587844921018,41.7771906792159,64
36993,71.4716987643095,34.9505610117155,64.2561944061001
33782,34.5432757729186,63.9483448802181,39.9050486723116
34789,84.2819796899176,64.0862001872999,51.8970354362945
33535,82.7217676633209,57.0049630331219,40.3312693223254
43453,41.7771906792159,97.2587844921018,112
39995,42.4638967463169,43.5380823857384,88.223609638096
40793,74.0610662588621,63.7286105999706,100.20680943676
42788,93.8986816184004,63.4324846590608,112
30704,34.2154528648908,63.9153854498717,16
33896,63.4509057306816,33.7039554292496,40.1398269971767
31806,56.5856060226656,82.4862616843154,27.6967794898087
42978,38.1808704714577,79.2059753480364,112
30951,103.231411216129,71.8036128806451,16
41648,85.2091203747289,42.5749008857515,100.098606176724
39596,50.1075004568293,50.0094835492837,88.287072198864
34865,63.9572208951339,84.0341336937303,51.6758107693706
40812,70.5199840181098,70.700300399946,99.6649170099705
30001,64,64,16
43282,100.955181300451,79.3073372946036,112
41496,34.9809046189881,56.4079653210074,100.182990238085
36157,63.6937705944516,64.0139419861484,64.2117972641137
42655,45.1394164570674,56.9301668380405,112
32699,35.7157287525381,92.2842712474619,28
38304,56.6307069085156,93.005252692696,76.2388122717619
42807,93.4775358293759,71.7828881962109,112
38418,35.466386584956,56.6530857095057,75.899808008207
43662,48.6926627053964,27.0448186995485,112
43567,24.7685887838708,56.1963871193549,112
35872,24.7685887838708,56.1963871193549,52
40584,48.6926627053964,27.0448186995485,88
41838,71.8036128806451,103.231411216129,100
41686,92.5143279940623,56.3475334760184,100.086716674588
30628,49.1348576620791,90.4820506908463,16
35169,78.8115744255944,89.6082451240232,51.7450012110438
32281,37.8787630965631,49.067113107877,28.2043555609202
42693,56.303333270213,45.798269262994,112
40698,92.2842712474619,35.7157287525381,88
32091,78.6860437846474,90.2997550791418,27.9653296241748
38589,90.1905144375415,48.6922160469913,76.0241349857965
32148,56.8172736896064,92.7348890210086,28.2448818081609
40603,56.1963871193549,24.7685887838708,88
34029,103.231411216129,71.8036128806451,40
39083,64,24,76
42446,63.5862378053219,53.9831959705233,112
39425,82.5078286007003,71.3768742923669,87.6399165081822
43263,103.231411216129,71.8036128806451,112
30875,85.0853170513872,42.853383377768,16
41439,38.1407007811836,79.26657289944,100.084650231782
39824,63.7793291014676,93.6920684698477,88.3187670032767
41344,71.558329517683,93.0858812206363,100.18708703119
35530,92.3778918821205,56.2691022349751,51.7769540266187
39767,85.5289254142579,85.3704994279019,87.9722961821344
36347,82.4741642086873,71.4280380259511,64.1076156406205
38342,43.1786316427705,84.7885116142155,76.0447214637633
33972,90.3300475667551,49.1795926888359,40.3226744469627
31331,41.7771906792159,30.7412155078982,16
33687,56.7897246301846,92.329861590394,40.2680426329727
30514,89.6909227712983,79.3721356069608,16
39539,46.1558258724713,71.9605770893259,87.857647422466
43130,63.5154170481151,33.8969884522091,112
40451,24.7685887838708,71.8036128806451,88
31255,24.7685887838708,56.1963871193549,16
36423,56.8943845147996,82.561885961606,64.0038903983222
39843,56.1592771022329,92.8498488202684,87.9561400217384
37316,35.7157287525381,92.2842712474619,64
35568,103.231411216129,71.8036128806451,52
32680,41.7771906792159,97.2587844921018,28
39026,41.7771906792159,30.7412155078982,76
40185,103.231411216129,71.8036128806451,88
41363,64.4711572979253,93.7817528115428,99.750627624337
31901,49.7043862959285,49.7137931820448,28.2187921138144
35758,41.7771906792159,97.2587844921018,52
38988,30.7412155078982,41.7771906792159,76
36461,46.0662281290963,71.8916305948606,64.1939281740995
41762,97.2587844921018,86.2228093207841,100
31445,86.2228093207841,30.7412155078982,16
41800,86.2228093207841,97.2587844921018,100
38285,63.7138125912401,93.872195805668,75.8536828786829
38513,63.1259326002689,33.8599153778311,75.8800982826652
30761,42.2702034467769,43.2540595881889,16
40641,71.8036128806451,24.7685887838708,88
35549,104,64,52
42864,78.7316788705026,89.8997957999462,112
37392,24,64,64
38722,86.2228093207841,97.2587844921018,76
35967,48.6926627053964,27.0448186995485,52
36708,78.5776923916666,89.6506209588568,64.2783294521746
39577,45.4912874509044,56.8056927608089,87.9521622442549
38760,71.8036128806451,103.231411216129,76
36860,34.2925021596672,64.3147681557886,64.0371881680383
35036,72.2033351717604,44.8383656486643,51.9847467110748
39406,84.7351510912759,63.9858737025468,87.8312932618279
41781,92.2842712474619,92.2842712474619,100
43054,37.7924527605504,49.1224738228789,112
41002,70.8645068782519,83.0627422696374,100.026022585539
30248,63.7392993675851,84.2579072606304,16
43377,71.8036128806451,103.231411216129,112
37563,71.8036128806451,24.7685887838708,64
43149,71.3324518034695,34.9258568242801,112
32262,35.1405410080016,56.364708657105,28.2388217403236
34143,71.8036128806451,103.231411216129,40
42047,27.0448186995485,48.6926627053964,100
32851,35.7157287525381,35.7157287525381,28
31844,45.621236858079,71.6864863171741,28.1410694444192
30970,100.955181300451,79.3073372946036,16
35796,30.7412155078982,86.2228093207841,52
39197,100.955181300451,48.6926627053964,76
33991,92.7993438569002,56.4589804676884,40.232414573995
41857,64,104,100
38703,92.2842712474619,92.2842712474619,76
33459,56.1640087195097,45.4182604439842,40.3125159321846
30229,71.2357689959591,82.8009230106024,16
34390,35.7157287525381,35.7157287525381,40
30742,37.7924527605504,49.1224738228789,16
42769,82.4428372532093,56.9200737833661,112
32395,79.730759229594,38.4878152203572,28.0429664288345
41287,89.6594389196239,79.1802264895333,100.029514083173
40964,82.4917781329146,71.719158580373,100.394039174238
38247,78.9711937032937,89.9619187426583,75.8571432256603
43358,79.3073372946036,100.955181300451,112
43225,92.554108134263,56.1216615454316,112
34732,56.1376320285301,56.844594203643,51.8614952788231
35435,63.2476452272202,34.0140301979202,51.6408367198413
32471,104,64,28
41895,48.6926627053964,100.955181300451,100
31141,41.7771906792159,97.2587844921018,16
40869,54.2502518705225,63.6927811036431,99.8572154718616
43700,64,24,112
35815,27.0448186995485,79.3073372946036,52
41021,64.0528295703092,84.4475766638262,99.7980349723852
37658,100.955181300451,48.6926627053964,64
43320,92.2842712474619,92.2842712474619,112
35948,41.7771906792159,30.7412155078982,52
38969,27.0448186995485,48.6926627053964,76
36404,63.7449661959305,83.9842706310825,64.3825766881342
42237,92.2842712474619,35.7157287525381,100
33212,63.2321786024157,53.8355355028505,39.9918216673144
35454,71.5022774005185,34.9347239008255,52.1162459151336
34238,35.7157287525381,92.2842712474619,40
42085,35.7157287525381,35.7157287525381,100
36613,82.610102534016,56.622115836688,63.6139057752359
39976,37.942776215947,48.8871296644525,87.6157019986673
35910,30.7412155078982,41.7771906792159,52
32243,34.3885569928444,63.9116189430222,28.2084461535242
41078,45.3657414014131,72.317369717475,100.282206094461
36043,79.3073372946036,27.0448186995485,52
32452,92.8235185208782,56.464661302734,28.3909347312612
40508,27.0448186995485,48.6926627053964,88
30666,38.1808704714577,79.2059753480364,16
34314,24,64,40
33630,78.8012842076436,90.2485729570054,39.8792748498978
39558,43.7981408375963,64.1589123329979,87.6599809569886
39387,71.1728105715265,56.4451531150688,87.8599576137456
39919,34.2936861865377,71.969656381952,87.8355485542156
41249,94.1436951862346,63.4554326123673,100.067834999085
35207,63.8738117261307,93.6580124131445,52.0202245138771
31730,82.33632329872,71.9775087760834,28.3989381670883
41591,63.8250554537655,33.714756911437,100.233176946209
31122,48.6926627053964,100.955181300451,16
38912,24.7685887838708,71.8036128806451,76
43681,56.1963871193549,24.7685887838708,112
33250,84.3588247546012,63.7902027575981,40.153154387147
35378,42.6399983815834,43.0674506600186,51.8458029402937
39349,56.4963081742881,57.1758544585388,88.0175141237848
41116,45.1655591518761,57.2593258946078,100.343586799306
32528,97.2587844921018,86.2228093207841,28
31312,35.7157287525381,35.7157287525381,16
42370,63.4569450383843,73.8649263670696,112
43168,79.4243465197752,38.2517929979219,112
33478,64.3657809066343,44.1646536988262,39.6189446787803
33421,45.4009791305098,56.565755001025,40.1008324911761
40242,92.2842712474619,92.2842712474619,88
39159,92.2842712474619,35.7157287525381,76
40470,24,64,88
35473,79.6344785149536,38.0618715715376,51.7060551771555
36784,48.8200542638642,90.3438372966437,63.6844337061911
40736,100.955181300451,48.6926627053964,88
38551,79.6805111713885,38.5429011880626,75.8488082599383
31502,100.955181300451,48.6926627053964,16
41914,41.7771906792159,97.2587844921018,100
38646,103.231411216129,71.8036128806451,76
43092,48.7151966717419,38.3150735585889,112
31084,64,104,16
34656,70.3978201513276,70.7874142138,52.0730728799372
39881,42.9942901266916,84.4435865847582,87.7895862439411
30552,78.7316788705026,89.8997957999462,16
42161,64,24,100
34542,92.2842712474619,35.7157287525381,40
33801,35.1257123856625,56.3652649628548,40.3974536834671
34599,103.231411216129,56.1963871193549,40
34447,56.1963871193549,24.7685887838708,40
40261,86.2228093207841,97.2587844921018,88
32566,86.2228093207841,97.2587844921018,28
35397,48.5840911441951,38.5519652741106,52.2740482384716
34086,92.2842712474619,92.2842712474619,40
37278,48.6926627053964,100.955181300451,64
43073,42.2702034467769,43.2540595881889,112
33041,100.955181300451,48.6926627053964,28
32775,24,64,28
35739,48.6926627053964,100.955181300451,52
37696,64.0426023011783,64.0567556793611,75.9967040516117
36271,56.3962212769825,57.0973833003779,63.8846979024107
40850,56.7977112416427,71.5940978255668,99.9809247162536
36290,63.9121163337548,54.0422392163753,64.3725602477735
32072,86.1689678555804,85.4386606976323,28.3443053282832
40052,63.7685454504986,34.0516194223856,87.7982039449956
36442,49.676962438518,77.8275623635787,63.8554120693047
33060,103.231411216129,56.1963871193549,28
35112,93.1797415813947,71.5413260375222,52.2976132441832
30571,71.7073835601686,92.9495655868921,16
37867,84.108156586308,64.1476785886216,75.6771291664398
41534,42.0212245551907,43.2426370778318,99.8430631033244
35511,90.7120533790205,49.1451123733825,52.1284996528216
31768,71.6223919796365,82.8582262269719,28.178604651635
32661,48.6926627053964,100.955181300451,28
41629,79.6701870463677,38.1607322368583,99.8297595993742
31578,70.8076233261539,70.7117262704631,27.8951016243519
34675,63.3733450585804,74.0191901153482,51.7855406101999
34048,100.955181300451,79.3073372946036,40
38190,93.7621478825644,71.8014328607048,75.7446146192639
33858,49.0743110842298,38.5006242901935,39.7244956473009
43814,100.955181300451,48.6926627053964,112
31559,74.7851977803042,63.4003767103285,28.3891181735717
31179,30.7412155078982,86.2228093207841,16
37088,104,64,64
34124,79.3073372946036,100.955181300451,40
30818,63.5154170481151,33.8969884522091,16
30362,49.8714688330174,49.7386028330443,16
42199,79.3073372946036,27.0448186995485,100
42389,57.1314893249486,71.4588267423501,112
40356,48.6926627053964,100.955181300451,88
42750,77.7539677814725,49.7085469631604,112
30685,34.4640586088984,72.3540383830795,16
38437,37.8389022858116,49.0684775829209,75.7941992086547
32034,93.1605780173972,72.1743706374672,28.3577183273088
39786,78.7956613351926,90.2078727129096,88.3042513318443
31027,86.2228093207841,97.2587844921018,16
31882,45.3009147797912,56.7637564340679,27.7631304334222
33516,77.4493779147104,49.620621036631,40.3006286773683
33231,70.9798858588314,56.2791185744135,40.2315184269053
36955,56.3844895653554,35.5940074974151,63.9604317411821
33839,41.9053669269868,43.5620246532778,40.359824098242
35720,56.1963871193549,103.231411216129,52
30286,49.3718183973485,77.6955185505608,16
43738,79.3073372946036,27.0448186995485,112
42104,41.7771906792159,30.7412155078982,100
30590,64.1103176318128,93.7771365826515,16
37582,79.3073372946036,27.0448186995485,64
42522,78.153959368556,78.6327673154281,112
37772,57.0775118908049,71.8108010951153,76.0541256280904
35606,97.2587844921018,86.2228093207841,52
35055,77.9794946888801,49.6819214567684,51.8279360495213
30438,77.7539677814725,49.7085469631604,16
32585,79.3073372946036,100.955181300451,28
33098,74.3792039768062,63.85190703424,39.7060276706584
40679,86.2228093207841,30.7412155078982,88
33934,79.1934734132175,38.053291286465,39.7309965256389
34827,77.8286374822112,78.7459685808915,52.1615483919677
32129,63.9209539210619,94.1161414605163,28.1921856423409
