1326,0.359929666869359,-0.26697378801795,0.168770544270802
1443,0.3551449711586,-0.256770208527854,0.222857872205936
1625,0.359053202781357,-0.260678389551741,0.225462871930343
1521,0.31688446640886,-0.243809507279666,0.194030844915371
1742,0.349926181853724,-0.222495998905977,0.234417976566807
1300,0.346164744743716,-0.220864769157411,0.208892814195824
1547,0.356308618619202,-0.225333016278699,0.220073434481736
1716,0.342327680319336,-0.270864853875033,0.219167743813421
1079,0.355385922006086,-0.259173742923737,0.167545727117939
1183,0.351113058400097,-0.287460790598212,0.166159541325991
1573,0.343029848806795,-0.276391483393837,0.21576338146038
1534,0.346951512958032,-0.22579540848677,0.199190373809155
1352,0.33928499055993,-0.262610300867086,0.212657419878508
1287,0.369484586723451,-0.235017595335937,0.19021166417599
1599,0.366699084916983,-0.250843198755195,0.230384589007805
1118,0.361423043975547,-0.2900354200742,0.17320701050602
1417,0.3413223583929,-0.276210380804363,0.205573382283001
1157,0.312037709267104,-0.277915276208529,0.187812221660162
1222,0.343707486486419,-0.282162478477557,0.184916603737382
1456,0.345735410785479,-0.253390701799177,0.222575543736316
1690,0.350209219067237,-0.245524706455609,0.225886318195965
1586,0.368394017602801,-0.265093847933152,0.21092576987032
1066,0.346002581398026,-0.265753468422527,0.162995131006964
1664,0.356210347212367,-0.250721708575704,0.17974037544912
1105,0.335795673152878,-0.28812649120462,0.188077709225265
1807,0.34884237637794,-0.225004758447162,0.206497934629798
1469,0.316869614668,-0.261252464673745,0.204968844096529
1430,0.34276417565242,-0.261342919765747,0.216827392139961
1235,0.377744219358435,-0.242142221197023,0.19746417380333
1495,0.360808429727222,-0.243442034252675,0.230401911896335
1768,0.310731169216941,-0.244367682146703,0.212139588712873
1027,0.359654443099899,-0.245803363070012,0.17476594168888
1755,0.360823841756794,-0.214187841801524,0.213071104950432
1339,0.362863149482214,-0.271089122443246,0.187733868223281
1313,0.344588112391727,-0.275647630763881,0.173855011298972
1404,0.334338069021664,-0.275575578204831,0.205709255344697
1131,0.354092002336319,-0.28066924071594,0.169407936005531
1378,0.363973812252023,-0.285161827638767,0.179846588208015
1092,0.337899189057197,-0.248218852797516,0.18748448356308
1729,0.32014385755112,-0.225521596320046,0.218027696392027
1196,0.335517166875891,-0.279615465059165,0.191501633649882
1144,0.3459295937883,-0.275425419900175,0.19105994152392
1040,0.35990905246823,-0.227342554775459,0.189995924317421
1391,0.348742829718667,-0.292866516462359,0.19002536018743
1612,0.333156043519788,-0.253922858491341,0.224775425859376
1677,0.331388509171823,-0.255586384612544,0.222037801550314
1209,0.339689713736578,-0.262277716628434,0.165538975821502
1170,0.371858883556616,-0.272243641434036,0.168642935490977
1820,0.310424504457706,-0.255293168946014,0.212095564829013
1560,0.330040697417933,-0.228560911530227,0.227988988414942
1794,0.359215079701582,-0.2309307390875,0.234564648685822
1781,0.336659906886532,-0.253039907375823,0.237805683980719
1703,0.361793792299854,-0.2481995751804,0.229332968544141
1014,0.347000974480613,-0.264473464959992,0.159764217211967
1248,0.374642309230566,-0.228498550589822,0.221924758023128
1001,0.366572488616264,-0.222020806932639,0.167495753902884
1274,0.351525174600607,-0.258339483754682,0.175043298382626
1261,0.346494976662964,-0.254641664358297,0.171401447426189
1365,0.347942462145897,-0.280943253550129,0.179294794492974
1482,0.342369569758275,-0.257643698931645,0.221992875424984
1651,0.372351349272738,-0.248040307196889,0.219793983104765
1508,0.334154925503357,-0.246027022502233,0.237602969607604
1638,0.338018570754352,-0.248060011875825,0.229363959937749
1053,0.348678147977012,-0.26657795588809,0.188703106946172
