31540,0.600173289494051,-0.399955549840877,0.299553387982242
42598,0.597267976838395,-0.402107902166715,0.298736407101175
35492,0.600600751862289,-0.400542933987383,0.301159265253276
40299,0.601053812274233,-0.40200149587052,0.299814951221278
42294,0.599554340340529,-0.398855273381512,0.302575626133514
41173,0.598639382688599,-0.399510178568478,0.29968435545376
32832,0.598865324625177,-0.400856899399448,0.300524139229547
35644,0.59897844034559,-0.39949123686776,0.300489574201598
34219,0.599166485603211,-0.400822067173832,0.298670306940666
30495,0.598859360520735,-0.400733406244648,0.302290962807895
30533,0.599881377016352,-0.402489978254323,0.301173083322316
42731,0.598390881902629,-0.40135687710711,0.302717705240205
32376,0.599972191867433,-0.400746682312322,0.300795931995157
37677,0.600827092747429,-0.402057792581014,0.302942614862732
34979,0.599046904610462,-0.40172170624983,0.300674169963152
40318,0.601070669769685,-0.399928280335233,0.302669566296922
35891,0.59730063447853,-0.398842370075718,0.298863339125279
39292,0.59853137033197,-0.400224391238,0.302536685909379
42028,0.600873904369195,-0.403224573791975,0.301276376408237
32338,0.599412500680625,-0.400414936459754,0.299990737788644
42256,0.5990748399796,-0.400359813858591,0.300237429490018
30039,0.599815208094689,-0.400612506387828,0.300169195316535
37411,0.597351251157008,-0.398819939573754,0.299094167582261
37069,0.599124380125016,-0.398648948244162,0.301154351367462
32319,0.598040072449563,-0.401122778200107,0.300311357813846
36499,0.599105978061026,-0.400499669618583,0.299953119439724
41458,0.597930079474814,-0.399621570592109,0.300462109702949
34466,0.59986438152629,-0.400705548468251,0.301213390325403
43415,0.600764673108817,-0.39886427261091,0.303495105588724
34352,0.598365361347451,-0.398705459285332,0.299872985770366
34618,0.598942011210131,-0.401444299439771,0.300299905841533
33269,0.599931351309164,-0.401035057593222,0.300711075196381
39729,0.59882003306649,-0.39711754044968,0.301374751826935
41040,0.599342387823671,-0.400688038468817,0.299734063999777
36936,0.599588273395828,-0.40028435163786,0.301088909878162
32509,0.599763354794716,-0.401476330770808,0.301476264493829
37753,0.59885724313564,-0.401012115459779,0.299890008647079
34010,0.598387881565296,-0.397616265691483,0.300823564807797
30476,0.596959458508526,-0.401254563413278,0.299702892294189
32908,0.598140790034655,-0.401742221150481,0.299632968672824
35321,0.59872496776014,-0.401423211704358,0.301672941949718
42921,0.598436907626811,-0.400114794796839,0.300770409672234
37981,0.598359729500663,-0.399402391909643,0.299670534524209
40755,0.599917316973072,-0.401068427705453,0.300327215242294
38114,0.599327496785453,-0.400883014715658,0.300499204872566
43111,0.600129225052792,-0.4003846892347,0.30210242422229
30305,0.599163034090612,-0.401227783573533,0.30091765998842
35093,0.599212411862958,-0.400106930267393,0.301061397285967
35226,0.597486938127495,-0.399492381068019,0.299700301513218
36214,0.599947908857874,-0.40102419768923,0.301575638887043
40033,0.598816694974399,-0.39982537338407,0.300191825231473
33288,0.599813973918772,-0.401178022232654,0.301673944611184
38741,0.599637651562815,-0.401280748663129,0.301157881885244
36138,0.598145066242392,-0.401831605205233,0.300454759271808
33497,0.599523864980999,-0.40238412866691,0.300609185083773
32642,0.598662692325062,-0.400579728517959,0.301897045615074
33117,0.599029620771546,-0.400740796574043,0.299853651338507
42674,0.597761249199503,-0.400606627949993,0.299164869543286
38779,0.598278320953366,-0.400575978027817,0.30054952892357
41325,0.598561448419703,-0.400257326162897,0.300512253829621
40546,0.599728480019495,-0.400161354816698,0.300934351753166
36480,0.599147283398022,-0.401477842075038,0.30007908950637
40337,0.598859816042469,-0.398111773113606,0.301664547438713
31749,0.598531249437262,-0.401321391610572,0.300628276327257
40071,0.600103341968214,-0.400830763921371,0.301332140435849
39957,0.598716437828059,-0.399663450372997,0.302607330191991
40394,0.597672907563638,-0.402387962925819,0.301680215614082
39672,0.599100876491156,-0.401835266944414,0.300348125759269
35283,0.59822087800895,-0.400558054354317,0.298697602678995
32357,0.599269586173901,-0.399758355619697,0.301054116533702
33155,0.598823145650836,-0.400418214056175,0.300672753569408
34960,0.597900927763733,-0.399769152712106,0.300634604846887
38171,0.597389269183844,-0.400446000115673,0.299445625246353
33820,0.600903899940806,-0.401443117396008,0.301793544766873
37810,0.599407117205671,-0.400792744980828,0.299842199953534
37734,0.600524112326323,-0.4015320339113,0.299900089468713
41990,0.596704302652297,-0.401229695454594,0.300033222810674
36632,0.599459740314669,-0.400747207423623,0.300013605224046
37544,0.60061219216127,-0.40240231888035,0.302123236058238
34276,0.601795372380365,-0.399370035894763,0.30052637472458
31521,0.598085450851408,-0.399284532145738,0.299073513099202
33554,0.600039082326541,-0.401807458239747,0.300453643488287
38380,0.599475171336124,-0.400218965088949,0.302499224178839
31996,0.59900753142064,-0.402521752912894,0.300445071236109
36670,0.599928807560779,-0.400872593609246,0.300848053281675
33174,0.597693102412962,-0.401782379746818,0.302840945867144
30856,0.598013707603451,-0.401496791947635,0.298451681102451
32053,0.598392123440072,-0.399060846510184,0.299872618446339
39064,0.597591778879798,-0.401232417114933,0.301206714389687
43624,0.597624411641397,-0.400116583395185,0.300188219912567
31920,0.599812953317888,-0.40120747573648,0.301317195701599
35777,0.599194428856102,-0.39996415389372,0.300257229439737
39615,0.599462846711094,-0.399879274836243,0.301816146922121
31426,0.599561312005053,-0.399966657210891,0.301830791882006
35986,0.601797435134627,-0.400109342383688,0.302021885010779
38038,0.598643009347194,-0.401436989126675,0.300435309583187
36575,0.597770885396992,-0.399005231124072,0.300945556249203
37525,0.599117167130222,-0.403011815381849,0.29965289674864
39444,0.598921244067695,-0.399172240593034,0.301025819350428
35701,0.598909101918079,-0.401292111405053,0.301383440058
40090,0.599847964811922,-0.399174526124248,0.301728487253664
42560,0.597952913870968,-0.399652621359347,0.301673198400832
35302,0.598481808702227,-0.399071265870054,0.300964123652296
32794,0.600235588593993,-0.400635646242473,0.302067313668116
41192,0.599534487669954,-0.401867629928663,0.301918299490047
33725,0.598214646271055,-0.401154991190045,0.300381550147501
37886,0.598450645208373,-0.401180330422133,0.300201939750088
31863,0.598967246674401,-0.399919100533945,0.299963871396441
38399,0.598147315101252,-0.401035192613194,0.300569430893384
40945,0.599561766908311,-0.399201626953368,0.300698669968451
35131,0.598623298254298,-0.400056483621015,0.30009841613479
38665,0.598157792617145,-0.399941763617331,0.300746373110809
37829,0.59936010595932,-0.401168373951807,0.300628771452914
34409,0.599258673942997,-0.400376057689969,0.300877570080713
30343,0.597837123639831,-0.400134575324415,0.300795111759259
34333,0.6010216451538,-0.402106152343047,0.301690274518986
37164,0.598464901899001,-0.401286651381084,0.301651249746642
37050,0.598925114676086,-0.401845455484356,0.300209045101085
37259,0.59885989823591,-0.398144939824701,0.298479230220476
41515,0.599599070898131,-0.401983671967403,0.300406183700765
31977,0.59998199311478,-0.401847872206324,0.299952263464876
31939,0.599038784489822,-0.400966692159184,0.302036332025656
31293,0.598593516898409,-0.399515513005425,0.299392336215494
42541,0.598006319274931,-0.400948192043306,0.30359192600102
43529,0.598955522364843,-0.401815250699057,0.302218192211892
36233,0.598386067405096,-0.399951568500748,0.301628703436658
40280,0.600656150991202,-0.401481312377261,0.30213471062667
31274,0.598412495691904,-0.403150422637345,0.297327412204147
30115,0.598481406631621,-0.400918955313128,0.301701955297991
34713,0.599056702959482,-0.398290849624568,0.301100747595302
40774,0.599740336509802,-0.400808386329956,0.301504744830178
35834,0.600627970773332,-0.399846444569251,0.302523579013724
42883,0.601381449796198,-0.400283602504702,0.302604196410349
31825,0.602474837641782,-0.399542151056396,0.30162392791509
32870,0.59873440134253,-0.400519336057876,0.301093783548197
39900,0.600520272391569,-0.401466200096931,0.300485056432345
37297,0.597898748583905,-0.401385342240448,0.299952191519923
37373,0.600146096518109,-0.402521144920098,0.300769250598485
31065,0.598835943507174,-0.39979953498535,0.300246896980244
34561,0.600366068868705,-0.402204499185172,0.301276072178759
30020,0.599834533857434,-0.399951703813776,0.299776374357731
40660,0.599995439669187,-0.403085794289024,0.299920456910611
37354,0.600800844926695,-0.400087171151081,0.299501168763068
32756,0.597648278838893,-0.399436511205758,0.299140835605023
31217,0.601697284708918,-0.400632023647428,0.301927735939265
43833,0.598419140433349,-0.399970458880739,0.302104320023538
38836,0.600491265028695,-0.401327290236814,0.301110678191138
30077,0.597835928761211,-0.39979762228527,0.298590391827025
38817,0.601069546490003,-0.400587097779549,0.301861761638407
30134,0.597559668565665,-0.39807499634745,0.303251072015387
34941,0.599747310757995,-0.400302570397281,0.301612996737531
35853,0.598852853719796,-0.398551443292478,0.300172369496465
30647,0.599589030526446,-0.401396746560371,0.299968440344417
36841,0.599762689453083,-0.400186578718785,0.301633667081846
38475,0.600103602417616,-0.398269288649402,0.300785123807762
33402,0.597921678284577,-0.401015380812389,0.301157761419946
34998,0.598836765307497,-0.400977180778297,0.299177695371622
41553,0.600091692028707,-0.400208026513104,0.301328363523598
30457,0.598268645523612,-0.400614913224244,0.299075567290735
36727,0.598162424867878,-0.399852938694837,0.300370640483743
31654,0.600306795576207,-0.401396212871769,0.301505188155204
39805,0.598480366993959,-0.400090743180034,0.300442430519438
30894,0.601064185231807,-0.401849289306537,0.301729377385227
41477,0.59925833749213,-0.400728866439043,0.300136878701051
41154,0.598447228305426,-0.401930875516558,0.300130507650402
38095,0.59938088472846,-0.402118367367364,0.299906242087939
41135,0.598664279976578,-0.39930775604974,0.300319264700279
34808,0.598871361654702,-0.400612968095147,0.300588478271151
41059,0.600650258684879,-0.40131902285759,0.301730025808952
40204,0.60061465217834,-0.399199265570179,0.300283608995982
32737,0.598324061969188,-0.399615465374202,0.299717514662592
42009,0.598482171970904,-0.40115828045979,0.300010116144562
31597,0.599204105725705,-0.401252060140165,0.301954324937056
41610,0.599662781900042,-0.400694869284063,0.30217367314427
41724,0.598700530432102,-0.401151042720282,0.300670646044772
34751,0.598780435277063,-0.399222071448745,0.300922618857573
31958,0.600300911572912,-0.40078843450443,0.301778124483828
32813,0.598616521355144,-0.401044949418739,0.300465318597469
39102,0.600729588991297,-0.401455002136142,0.300856928968967
30989,0.599085151791578,-0.400511551568353,0.299805152381641
40489,0.599185989189718,-0.401699886669119,0.300740478615986
32224,0.598641135203119,-0.400089864096037,0.299766219595696
43434,0.599963648393722,-0.40044035392605,0.301127444438313
36822,0.598091193184294,-0.401659776359161,0.300800761462324
36081,0.599485297122867,-0.401128236224053,0.301130448347447
36689,0.597584093820691,-0.401031503630635,0.299812416660832
36974,0.599591208600487,-0.399808305960521,0.302378464306286
34257,0.599543674859116,-0.400278860268618,0.3018119363049
30837,0.599529131930822,-0.401203222611193,0.300759373200104
37012,0.600121640133282,-0.400606439135727,0.301128262607391
36765,0.59811095540975,-0.400502700620731,0.300151239117684
40527,0.598858366755178,-0.400914280085691,0.300553899444928
31369,0.598604917248416,-0.400184876581825,0.302013662060993
41420,0.598643350074783,-0.400070985378123,0.300610858783536
32167,0.599177887189108,-0.400058067829301,0.301257248412188
43605,0.599767173125989,-0.400285336844495,0.301336577519633
37145,0.59769038335994,-0.400231258075929,0.302237008647042
43491,0.598269387693073,-0.4013393605682,0.299458014446622
32946,0.599148091052194,-0.402522998536225,0.300565448999951
43510,0.599410895405874,-0.399388956574382,0.300069390162711
38266,0.598696916927129,-0.400075098477148,0.300887357254022
30780,0.599050762588874,-0.398768132804032,0.300102216086526
31407,0.598513325764213,-0.402707172448563,0.29915909919814
30267,0.599729276930397,-0.400750941574917,0.299946722729405
32186,0.598338140406765,-0.399073451660861,0.301086670892341
35929,0.597093161610241,-0.403140894493535,0.298614164227503
30191,0.59803876012624,-0.399791977972072,0.300414451332667
30381,0.597934649570025,-0.402156396252769,0.300220661126297
43016,0.600552193559402,-0.401923904226851,0.299911832863314
38323,0.597765376406171,-0.399740950338188,0.299799685711394
34770,0.600289671373846,-0.402585281227347,0.300674645264157
43339,0.600453608340984,-0.401436624164311,0.301956929700738
38076,0.598601029257867,-0.401115807896662,0.300702100373744
40147,0.599158650594675,-0.400381365119253,0.300323681745344
32547,0.599426318066264,-0.400457730487102,0.300779253064963
34580,0.599512234512173,-0.399480067726786,0.30283116282962
36309,0.598896352668541,-0.402243761655975,0.299982155646823
34922,0.599803880629912,-0.400732597733222,0.300415124815706
34637,0.598729776662616,-0.400343879698887,0.299912653895043
42427,0.598682576527353,-0.40069060561637,0.303951435030231
34903,0.5984585505745,-0.400239290586363,0.299533666256914
36803,0.599478818478845,-0.39972529406119,0.300606911964744
40926,0.600390629283902,-0.40126394357395,0.299510019893904
42712,0.598550866342499,-0.400798677627184,0.2987055406858
42959,0.598455509129161,-0.399941140355059,0.301787241002737
36252,0.597295475637275,-0.401106124219483,0.30009844870539
41705,0.601425195962195,-0.400931463768192,0.300699069569135
34200,0.599190381481886,-0.399965313051822,0.300706231965172
32927,0.596955695592112,-0.399921693642232,0.298648184283729
43548,0.599993334716825,-0.400620374413315,0.300280341221965
34884,0.598579462327137,-0.401083434508259,0.301597543129231
36879,0.600716236360067,-0.400467950330856,0.302438765662936
31008,0.59916153603837,-0.400926220883768,0.300483957910932
33326,0.599655236428761,-0.402428591140121,0.30096058606657
30932,0.599375292845739,-0.400476040141201,0.300243705943683
39273,0.599302317604376,-0.400793835764579,0.302030049322756
36005,0.602680664730609,-0.400143670330595,0.303645157109444
31198,0.59734625323064,-0.401228992132583,0.299623665275724
36100,0.599281858653044,-0.398236090271531,0.298213183998569
31160,0.5980773062726,-0.399834899407041,0.299731525101139
36518,0.601428549784783,-0.401374734822027,0.301962120919191
43187,0.597244943869422,-0.401356255587031,0.301790885344708
42180,0.597944894624617,-0.399213488237392,0.300877205705238
43301,0.599443768415769,-0.394943842390997,0.300622589284347
36917,0.598796573692406,-0.398955975795452,0.300482685898599
38798,0.598528098570852,-0.399541905242535,0.30180116492237
34485,0.599020917711888,-0.397972592123524,0.299971645686263
38228,0.599578225690507,-0.400819057491748,0.301784256813011
39862,0.598641048564919,-0.399754106199098,0.299837212448921
38152,0.601435497452344,-0.400527670866791,0.302425202341408
30096,0.598932348519535,-0.399536554377633,0.301710924644942
30153,0.598615752158413,-0.399146034724748,0.302790983466549
38532,0.599579899858049,-0.400790107046383,0.30088852364156
38684,0.599488397096688,-0.401578715048324,0.30112960228604
43643,0.597566178096963,-0.399696601626184,0.300159898018879
38494,0.599981954284789,-0.400152061785369,0.301837278224634
37240,0.59997630725595,-0.401535340605721,0.302169238870153
40983,0.597904947960544,-0.401030507535503,0.300519960132039
36537,0.598798783742985,-0.39929003968794,0.301545683084043
40128,0.599375140836439,-0.401505055920722,0.300518444101481
30799,0.599808934969188,-0.400120596440209,0.30030210856683
36898,0.599476755003919,-0.399953283502515,0.301217406900516
31046,0.599524031705947,-0.40198354829401,0.301335797328693
34067,0.601573432476283,-0.400029047828485,0.301731815454394
42617,0.60061286050112,-0.398792601705244,0.301139733092552
42579,0.599272684959462,-0.400271404226861,0.301762685861116
43206,0.597436352548764,-0.400005428147245,0.299820038949228
39691,0.599819764628689,-0.401603273374614,0.301112334436815
37943,0.598630057818081,-0.400263525574768,0.300533172718166
39330,0.598744248444318,-0.401773644865144,0.299882068496158
37221,0.601223912139797,-0.400884568665958,0.301018357331504
41971,0.597882931446609,-0.399931658941801,0.30129504909429
33706,0.598841712387639,-0.39980317472874,0.300869912670512
32414,0.599000465883121,-0.39850345231954,0.300222577754949
32110,0.59907235622132,-0.401661045452576,0.301027444601729
39235,0.597599780919939,-0.401378015481322,0.299843919633208
35682,0.59960475265337,-0.40095083955666,0.300573686405047
35625,0.599455652751032,-0.400568563092592,0.299599117663173
32965,0.600099637982479,-0.40233197180371,0.300168516158828
36651,0.60030355094958,-0.400946139810658,0.300637612169433
39121,0.59933938118949,-0.40035795103725,0.301264682382243
39254,0.599278077998216,-0.401376668190096,0.300597716601025
42484,0.599109903581195,-0.402078554626276,0.301191751748741
37335,0.597286799463542,-0.397677844793876,0.300352787243565
32015,0.600458913556231,-0.401057869872693,0.300771567798665
39501,0.598555925060611,-0.40031900181724,0.301503796454103
43472,0.602542499738364,-0.399312364111039,0.300100596528635
40014,0.598915692528169,-0.401810826359806,0.299257486917156
38133,0.598794275057176,-0.399250480720649,0.299676118583366
32205,0.60076844881464,-0.400899623429789,0.301742427932354
39311,0.598829355479563,-0.400030343521866,0.30126770573417
38057,0.599551862308668,-0.401315234059328,0.301405917792348
35663,0.597665416495609,-0.399644740907173,0.299530901040309
31350,0.600092573438098,-0.404126917983149,0.30039849834342
34846,0.598707633014831,-0.399030365009955,0.300550241367758
36366,0.599867420165796,-0.399329592950982,0.300235121328735
34371,0.599727834977573,-0.40138938731707,0.30155057679221
33611,0.597999382020486,-0.398217957195524,0.30157345086303
33744,0.600223475132376,-0.400618671428056,0.30123401786077
40717,0.600550648250913,-0.403703187252299,0.300438218392306
39045,0.600727405364848,-0.400332318413625,0.299413658227165
39216,0.600049558006883,-0.401890018936835,0.301240285020439
41933,0.600396555452082,-0.400820370238869,0.30111902809517
38000,0.598776010745927,-0.399831196215498,0.301815722103598
38361,0.599774241996547,-0.401118301799529,0.301206447590109
37430,0.598574499306342,-0.401257613862196,0.299680067670455
33022,0.5991133394056,-0.399709449576382,0.300487570590456
36176,0.598855900439557,-0.399540545376958,0.302491047461637
36024,0.598002601240124,-0.400460390803278,0.300792887327969
32718,0.599826511475349,-0.400404262803786,0.302103504058589
39634,0.601597662571386,-0.399420098942127,0.300837932955806
30419,0.597954306570442,-0.400874423059348,0.301022590974257
32889,0.599177716885573,-0.402801606889868,0.299881088206292
33953,0.598718504213114,-0.40047008824301,0.300990884813104
41211,0.599141328078485,-0.400245774639148,0.300643628599072
37791,0.600302740223274,-0.399699169034047,0.302041017529935
37202,0.600068698224379,-0.401222455691453,0.301431893509306
30324,0.600154682220461,-0.401289585006912,0.301325404241462
42218,0.599663461066939,-0.401697275297423,0.301394831180616
35359,0.598835010904757,-0.402340362231212,0.300320636180536
33440,0.597721123712014,-0.400283532538904,0.299406695705908
41743,0.598918989790195,-0.40120822393979,0.300878207113215
30913,0.599007305028036,-0.401883742017136,0.297972181053433
38570,0.599420352758268,-0.400276922987631,0.302136493672313
30210,0.598493606299917,-0.399453899391552,0.301368165639475
43244,0.598690987147982,-0.399430039577031,0.299324295449083
41382,0.599469949034631,-0.400264884191512,0.300368540727891
31692,0.598654187239627,-0.399763625329854,0.300102781923979
41230,0.600236845523919,-0.400938007166806,0.301504846343411
41667,0.599850160406169,-0.401103376376836,0.300930935922283
31103,0.598541075861609,-0.401043085151897,0.3000504966548
43757,0.601262474672517,-0.400828211727196,0.302046849022268
37468,0.597525016931609,-0.402156358972829,0.299174154077253
37715,0.598669886829562,-0.401345457021673,0.300270706631079
36556,0.601044233309591,-0.401622346510386,0.300422478927285
33079,0.598954273080706,-0.399578065232361,0.302692749802848
32604,0.598805838527503,-0.399658532467505,0.300926224523375
34428,0.59951642439313,-0.40179393559352,0.301241926962464
35017,0.598883410085805,-0.399488751949469,0.300847220327427
35587,0.601785466237054,-0.398920091125947,0.300501113660357
38209,0.599582040137177,-0.400601644610256,0.30159849538706
42351,0.599022529483071,-0.400962946558281,0.301067890079905
34105,0.600195446796066,-0.399892564214406,0.302156406314795
37924,0.597908115594409,-0.401245895951255,0.300692363238527
34694,0.600793293597351,-0.401976214203693,0.301430402124236
35150,0.59988574369999,-0.401628053240024,0.300504058192708
33573,0.598750409359877,-0.399907962094402,0.300682742500614
37962,0.600847598001751,-0.40125932900075,0.301732918501048
40888,0.599106520527289,-0.401252373409798,0.300264947361709
41401,0.598307467888193,-0.399581623423333,0.299286206498204
40831,0.599249565323963,-0.399655580373488,0.299955422344076
35340,0.598285304413281,-0.401180204484971,0.301348635889056
30058,0.599869336898311,-0.402096600164667,0.301817947912726
42826,0.598938385578863,-0.399582209583003,0.30283453918217
39653,0.599230078198828,-0.400714054387585,0.300372938854266
30609,0.602154079160851,-0.401045800481691,0.303082172190843
31711,0.598742867952559,-0.400412335326561,0.301389555576268
39748,0.599987898946055,-0.401886415221433,0.301317693333189
38627,0.598858959911995,-0.401084336973905,0.301936555035007
43719,0.600060100900684,-0.398407232008917,0.302329058873279
33763,0.599037955452139,-0.398940428890803,0.299800063402253
39178,0.601714841354583,-0.399855238273687,0.299845446910856
42465,0.599405380880284,-0.400369148489518,0.300475302399775
43586,0.599767650666929,-0.399489151491052,0.301102222186899
36594,0.599017372369798,-0.401527846967857,0.300555800827125
32433,0.599320364765736,-0.402383818116409,0.300607261050779
35188,0.599077499762699,-0.401059942800691,0.301141764957715
31388,0.600888512143526,-0.400126982427156,0.301285622368594
40907,0.600194549023367,-0.401513117903325,0.301271379926642
35416,0.597953804023343,-0.401129409345143,0.300073662535942
42636,0.599102429110425,-0.400319070647922,0.302067267303894
39938,0.600709082576961,-0.400021313182193,0.301012180475072
39520,0.597438281030624,-0.400153107120924,0.301433532842456
33592,0.598371208718923,-0.400888588902391,0.300626072665378
32300,0.598838038636993,-0.401142083393366,0.300134215908528
31464,0.598722251264203,-0.399466701348256,0.296862725386886
40413,0.600001915450695,-0.401054460016,0.301834032374932
30172,0.599490625364642,-0.400428024300193,0.299209944158672
34162,0.599645607368496,-0.399075193299491,0.30121623659413
40109,0.598073344120819,-0.399961890534853,0.300633067784792
36119,0.599400298986497,-0.399558511617083,0.299572860198461
32623,0.599933318234808,-0.4007818204131,0.303273807822946
37506,0.599113512994321,-0.402400303651032,0.30027034611505
30400,0.597496945504162,-0.402260417400692,0.299681904616722
42123,0.599773848852251,-0.401340287387565,0.301133483108431
41268,0.597382940242466,-0.400874919603167,0.299592354028113
42997,0.599120100660748,-0.398762518747907,0.300749701884996
42940,0.597791374325786,-0.401780161459216,0.30097180238631
41097,0.598356786308697,-0.400900674000348,0.299702860938282
42275,0.601514480491851,-0.400788710288829,0.30100071259053
39463,0.600249221745845,-0.401942516536903,0.301470431767262
38456,0.598318456546706,-0.401423671204805,0.299871915628725
40622,0.598226665695331,-0.398888296683424,0.300225993666477
37126,0.598801257786847,-0.400636073715732,0.299587459375776
38931,0.597626015989871,-0.401067416475641,0.298895882167488
37848,0.599570389959079,-0.398503163199115,0.300756433267141
38608,0.598557318012812,-0.398502564020539,0.300307731208421
36385,0.598481284792816,-0.398887614390643,0.299671390046156
33345,0.597809157898342,-0.399880305824947,0.299306853061084
33003,0.599098914245929,-0.399973002418299,0.30040830148253
33364,0.599690001340909,-0.401518409922957,0.301482759529567
37601,0.598658300301343,-0.396805953489344,0.298549303524315
37449,0.599406297915835,-0.400771527517014,0.30181567671029
34504,0.599682438958536,-0.402429026183094,0.302912951632681
41572,0.598944134855632,-0.400050778042846,0.301083715881927
37620,0.598692091515165,-0.40124178836893,0.300820034058651
40565,0.599759573192928,-0.40070408906831,0.301359997876427
42845,0.601152010543314,-0.400566514650792,0.301963581158971
41952,0.599423041998886,-0.399980289413995,0.302248319047162
41306,0.598716360741252,-0.401309808365446,0.3006832169854
34523,0.601343452310848,-0.403873217812076,0.299042215987774
42142,0.601687688695154,-0.401914017631414,0.29945659975591
42332,0.598707982782647,-0.401179425886863,0.301071352396786
37183,0.600326063075363,-0.399603936885542,0.301128936388376
31616,0.597742576783607,-0.40014331402079,0.299926758411164
38874,0.59732405572619,-0.398693780765776,0.299665295881211
33136,0.599650984243757,-0.401229622333798,0.300837537484606
40432,0.598580199588111,-0.399087160931929,0.300337248608202
35074,0.597870364180381,-0.400648997897156,0.299212365614076
32984,0.59796801854721,-0.397661693421159,0.303326883155279
38019,0.599465564975245,-0.400833996982073,0.301605375753728
33877,0.599023693812352,-0.398890758778205,0.302570745869543
43776,0.602528246565954,-0.400419817520003,0.300126526135139
33668,0.60099365598914,-0.400276075521379,0.301246541552993
34295,0.600558852207397,-0.401275101702472,0.301817944453829
36062,0.600000369066924,-0.402178385535978,0.299195285755249
43396,0.597789898223575,-0.400402543942504,0.29943731863784
30723,0.599974579775291,-0.399753497479667,0.299617296570072
31236,0.598852054716858,-0.400227189361791,0.300990587366988
39007,0.600199643921166,-0.401528399088878,0.30047822191435
37031,0.599645748016332,-0.40012137965199,0.302344022106803
33307,0.599620912781369,-0.400578258361908,0.30048349243705
35264,0.600142602289938,-0.401065753825974,0.301844831754693
33193,0.598090228469068,-0.401573465254983,0.301136099310548
36195,0.59937000790095,-0.401766363848171,0.30125463974573
31673,0.600379046659697,-0.400521186850638,0.301511746027785
39710,0.598908143952976,-0.40051481132845,0.301149960888651
31483,0.598994519470704,-0.399753492059497,0.30362450108396
40166,0.601105115260782,-0.398538174458332,0.299702246594904
42503,0.599900711794765,-0.401683761089922,0.301966040589516
33649,0.600387380193434,-0.399739606108272,0.301343171154928
43795,0.598032570163941,-0.398282888937621,0.300075713228024
37487,0.598634654978599,-0.40146180266448,0.300281225941836
37905,0.598932129028475,-0.399807468267361,0.300737526223878
33915,0.599895142739532,-0.400342756119092,0.30058794999094
42408,0.599938351673891,-0.398458595822129,0.301464564543971
31787,0.598790171502647,-0.402203399504109,0.300021405180175
40223,0.60073040727249,-0.401830714447561,0.300424947972969
38950,0.59754822453005,-0.401677624998036,0.299453120563349
36328,0.599850114184546,-0.401467397359598,0.301365219605302
38855,0.597811905747868,-0.399780071131805,0.299635062174984
42313,0.604062961032458,-0.39833276697208,0.30267077178612
41819,0.598139185406131,-0.399212233069182,0.29956179559308
40375,0.599628301160732,-0.4000921480106,0.301306495061346
42066,0.598986410145809,-0.400927953278842,0.302085649682764
35245,0.600954795901348,-0.400389597733674,0.301123847143594
34181,0.599602640897634,-0.398540930236689,0.301202716108402
39140,0.597407698188723,-0.399461035533778,0.299209403545099
31635,0.599067086969749,-0.40091289859168,0.299750007000017
41876,0.600851511807768,-0.399741833549538,0.301982262495422
37107,0.599225593549094,-0.400474486532753,0.300531631819681
33383,0.599073735135701,-0.400357686157764,0.301098204377048
32490,0.600495889784355,-0.401648459586745,0.301958557004008
43035,0.598921937318122,-0.400895390117558,0.300672224791626
39368,0.601383484419016,-0.400339153668988,0.30229800277848
42902,0.598745696907766,-0.399214302627612,0.299878083261771
36746,0.599255224664889,-0.399817265774577,0.300411964867572
39482,0.599390931642391,-0.399884436037809,0.300921401974113
38893,0.598411257038851,-0.400467560000241,0.301863264182066
37639,0.598275442215832,-0.4014101795837,0.30056758771061
36993,0.600129760977136,-0.400069141720453,0.301041268002226
33782,0.599545635101095,-0.401346223856152,0.299575458550534
34789,0.598198296920723,-0.400325294300843,0.300892079345917
33535,0.598153694066374,-0.398199616269037,0.301027841566903
43453,0.599189646553621,-0.400126179802128,0.300578661324341
39995,0.599205464303062,-0.400843091015038,0.300984355253399
40793,0.599134113414889,-0.398961830196038,0.30006039584697
42788,0.600282464599427,-0.402056929385342,0.302400828957426
30704,0.597879853174605,-0.39986273360625,0.300142143436599
33896,0.599972085032441,-0.400060941473639,0.300163775311522
31806,0.599473536859858,-0.399286917199491,0.300787777426677
42978,0.598601665533332,-0.401109864340207,0.299014045028778
30951,0.600428917593563,-0.399882576158744,0.301534410912788
41648,0.598895677844433,-0.400036635276948,0.29995647622991
39596,0.599475925449784,-0.399155566523568,0.301990670009756
34865,0.599087671993838,-0.40018874335488,0.300937518151433
40812,0.599232839097785,-0.397394273534525,0.299300011970673
30001,0.598248744320592,-0.399861794538955,0.299802644821933
43282,0.598681787424788,-0.396729524716879,0.303064002954273
41496,0.597707162549363,-0.399567759384301,0.300641695535126
36157,0.598132087059727,-0.400136238465563,0.302094902794452
42655,0.600187232028217,-0.399978499634823,0.302027205121289
32699,0.601255150350535,-0.401984724503766,0.30185794470968
38304,0.600923487286957,-0.400884336468895,0.301747986888225
42807,0.599320719321248,-0.400114587198513,0.301109990469801
38418,0.59862062584589,-0.4008886373363,0.300101292750836
43662,0.598410589306959,-0.401079406913316,0.301479238801429
43567,0.599271502579575,-0.401388220886039,0.301565514922924
35872,0.596871538189773,-0.401627797513076,0.300396976287769
40584,0.598597951115125,-0.40176009362955,0.30110156532974
41838,0.599887098537464,-0.400270427672985,0.301506529233072
41686,0.600764448364561,-0.400237751238703,0.301238602747906
30628,0.599022197117559,-0.398788767212716,0.298952423271753
35169,0.598897959129676,-0.402435160859226,0.301051865984564
32281,0.597659313225767,-0.402079849316402,0.301322167234756
42693,0.59933984229241,-0.400693151219974,0.300530536228348
40698,0.600511766243839,-0.402018407761767,0.302123089633544
32091,0.598407940028287,-0.399268897848696,0.299189853317694
38589,0.600181150609377,-0.400625812482211,0.300439612461149
32148,0.599549798097598,-0.402122898215341,0.300508285746678
40603,0.599662441129443,-0.403085218591391,0.300219221430983
34029,0.598725474909875,-0.400664745071262,0.299590548369567
39083,0.596588807569635,-0.401338972107534,0.30075302981763
42446,0.60105012374437,-0.399697938903658,0.302128264240346
39425,0.599958770579588,-0.400666699168316,0.301118212544721
43263,0.599959415697183,-0.39940136536366,0.302364967083103
30875,0.59955689079205,-0.399795646426197,0.300120850741153
41439,0.600525686013524,-0.400816841618543,0.302431514599329
39824,0.598357251161037,-0.400838299049502,0.29959068604517
41344,0.59854608427695,-0.401799908922831,0.301400990207563
35530,0.598290778258221,-0.40188869639251,0.299768459307407
39767,0.597902339588819,-0.399819610017869,0.299189650870167
36347,0.597996621356583,-0.39884511921469,0.299696243333217
38342,0.599915721548324,-0.40002540823755,0.30061417274735
33972,0.599031813048743,-0.400323859434472,0.301133130907262
31331,0.597448765678031,-0.400374749446299,0.302264860381546
33687,0.600174582546633,-0.40125379235952,0.301102476665406
30514,0.598713941605771,-0.401448611081803,0.300865459311553
39539,0.598500780064651,-0.401616681754292,0.300525235019917
43130,0.599086385444834,-0.398887352701991,0.302968652774421
40451,0.598448525208588,-0.397889304938973,0.30081457121151
31255,0.600810110550428,-0.40056253833129,0.302098116056351
36423,0.599926719557608,-0.40042103188674,0.300657159803559
39843,0.59961777455146,-0.402887225923394,0.30132795230265
37316,0.598714211525048,-0.40008545155073,0.300614689430119
35568,0.598314356568987,-0.399825288378708,0.29968782348988
32680,0.600001327905,-0.399020053483998,0.300442703258236
39026,0.599328389725888,-0.39968612181909,0.302732440734198
40185,0.60165681980045,-0.402348577482138,0.302675149252892
41363,0.597940527697702,-0.401747198628757,0.300759480709871
31901,0.59856589695503,-0.399157074634009,0.301207514148757
35758,0.599436373544526,-0.399835612992324,0.300777137210507
38988,0.599322441598262,-0.399186342632059,0.302915613280627
36461,0.597464429207078,-0.399828602583395,0.300486674458477
41762,0.598949568263071,-0.400955175005543,0.301706447289091
31445,0.59968534843666,-0.402684512879066,0.303617407869662
41800,0.60159152405813,-0.400582545538102,0.302323792944381
38285,0.599664189446884,-0.40023652729174,0.301118607408296
38513,0.598178626077471,-0.399760156746324,0.300435376731772
30761,0.599762103508817,-0.401243570428267,0.299724706142413
40641,0.598360366630198,-0.400421753167892,0.298928206046577
35549,0.598882229279257,-0.401055717816453,0.300610847930992
42864,0.598147169801782,-0.399483541384305,0.300214780846268
37392,0.59915409514822,-0.397560003326961,0.300531752091144
38722,0.597983534469281,-0.398308812946095,0.301903072880985
35967,0.600527164119337,-0.398546029676049,0.300928988206321
36708,0.601474560182241,-0.400864712802445,0.300880939401078
39577,0.599603211921638,-0.400453680499795,0.301617231014661
38760,0.598822831846302,-0.400631304100988,0.300649083372752
36860,0.599458525339462,-0.401630565111194,0.300210376209133
35036,0.600184098074664,-0.400611359159601,0.300338018544355
39406,0.599188563487898,-0.400605118654975,0.301272525332487
41781,0.599441355734186,-0.400413339745891,0.301934905167005
43054,0.599642239590171,-0.402121986830787,0.302664477784077
41002,0.599958126700526,-0.401558596621949,0.299805293295249
30248,0.600197802842413,-0.398504049863012,0.30094934926834
43377,0.600011172181597,-0.401383674859514,0.302396761887095
37563,0.600066968995513,-0.399828142853218,0.30027030834568
43149,0.599807106994731,-0.40121332210155,0.300654044417329
32262,0.598059969478295,-0.399728616419938,0.301925432641502
34143,0.601071733368299,-0.400610749618347,0.302364103215555
42047,0.599566361827306,-0.398589451713358,0.30029262826055
32851,0.601303825410149,-0.40118318063304,0.301580796742459
31844,0.599928088152812,-0.402406598787463,0.301720481396549
30970,0.599580095297393,-0.401514995724055,0.300129577720457
35796,0.598591346366914,-0.39986907167443,0.300435820905919
39197,0.6019405447672,-0.401966632160428,0.30065465096319
33991,0.600023568382341,-0.399970661604605,0.301385576418733
41857,0.596664674627708,-0.397960523162369,0.30149511519669
38703,0.600790019602891,-0.400706960678632,0.300929771669525
33459,0.599618916076669,-0.400870485607086,0.300225546929196
30229,0.601743216492054,-0.39899800782972,0.302015844937771
34390,0.599157616848906,-0.402087145864963,0.302131219106877
30742,0.598608412597724,-0.400667609867318,0.300660835412793
42769,0.599619997955676,-0.399523362462001,0.300805366299925
32395,0.599510235094111,-0.39999396116161,0.300632541527939
41287,0.598624610888411,-0.400160777603543,0.299907658846605
40964,0.599918505733887,-0.402061857954027,0.301395607143942
38247,0.599946477274301,-0.402199738135429,0.301443480112417
43358,0.599244114033153,-0.401342964689784,0.300103574085207
43225,0.599346850569231,-0.400723806111336,0.301900596408292
34732,0.600149457589307,-0.400079820561782,0.301525299185106
35435,0.598818661346829,-0.402120946167649,0.300639502829038
32471,0.598589858022504,-0.397411426371451,0.301014203425856
41895,0.599469225587063,-0.400775869253715,0.30163909708836
31141,0.599123942750539,-0.398462374909212,0.301084104918162
40869,0.599546334517101,-0.401348200738807,0.300297325093522
43700,0.60027607457825,-0.401626426186139,0.301250602979303
35815,0.599393105556066,-0.402619834154735,0.301019228073244
41021,0.5992710530082,-0.399725740845061,0.300107205241739
37658,0.597503009402157,-0.397595266234672,0.298487865249245
43320,0.600738724144947,-0.400549941168691,0.300912283290257
35948,0.59985760285765,-0.39864159564296,0.300904058583604
38969,0.599732206923924,-0.401839421353887,0.299713046759759
36404,0.600152358780435,-0.401180555001881,0.301061593616391
42237,0.600996245066873,-0.402355632589309,0.301488723632366
33212,0.598008070564762,-0.401497143588472,0.300507876770856
35454,0.597670878392937,-0.400191052274804,0.299299984982976
34238,0.600053342786132,-0.402492199156976,0.300143710179371
42085,0.59926985139343,-0.401700862845977,0.300601773495024
36613,0.598426567161774,-0.400487159764319,0.300955525340008
39976,0.599330539792941,-0.400796173648746,0.299938790345298
35910,0.599371036945618,-0.400362054756831,0.300959569678635
32243,0.599424046138119,-0.39992022851407,0.301545562051375
41078,0.598978415642678,-0.401172992479072,0.302164292009371
36043,0.599652503365448,-0.401462352574107,0.30046228220457
32452,0.598364138706434,-0.400526831980662,0.30275436435106
40508,0.599594494076287,-0.40196168731326,0.301606882531376
30666,0.600216217689449,-0.402652870625546,0.300548780172539
34314,0.600304929359418,-0.401062828826739,0.30055832045564
33630,0.599590482388725,-0.400690823095557,0.3000362653423
39558,0.599642372113043,-0.400043426014084,0.300090177185231
39387,0.597886423880113,-0.39895307124418,0.300011147638604
39919,0.599330169007634,-0.401152308285499,0.299965720591622
41249,0.599027211107432,-0.401205971257043,0.29958162010963
35207,0.599212571453962,-0.401215724620411,0.301004548328886
31730,0.599991620070132,-0.401850548969598,0.301872198938691
41591,0.59829254361274,-0.400380084208023,0.300002326057281
31122,0.598727900294477,-0.401995755751111,0.300012150491007
38912,0.598020887612544,-0.400378530209608,0.302189335545476
43681,0.597569844072615,-0.400147872716885,0.300873251140324
33250,0.599846930616284,-0.401508908627495,0.300938205767776
35378,0.598814880866822,-0.400001834627769,0.300044975693007
39349,0.599212261617473,-0.400253740647183,0.300467687395335
41116,0.599002012753195,-0.40041755687535,0.300540851221597
32528,0.599882636622118,-0.401482536943976,0.301924694542909
31312,0.599649122230274,-0.400951232912288,0.302886080574729
42370,0.597932288760371,-0.402049635322572,0.301456045740723
43168,0.601382383202117,-0.401296689988906,0.300041893735056
33478,0.599020019543662,-0.398011940137279,0.299787331186566
33421,0.599651731436533,-0.400632279280304,0.300159897055239
40242,0.60063862436884,-0.401069696980755,0.302260076898557
39159,0.600236616364582,-0.401690723526396,0.301576755447829
40470,0.598777952870161,-0.399683745719066,0.300221892047664
35473,0.599712926802572,-0.401362488804683,0.301306125363935
36784,0.600309172137939,-0.401531457166008,0.302062527859949
40736,0.600038820712902,-0.401623381686756,0.3002145562844
38551,0.598813845335438,-0.400447454861869,0.298949953020585
31502,0.600015184855348,-0.39964203521235,0.300556391746625
41914,0.599801393188374,-0.400961275358662,0.300712328889127
38646,0.599518616888055,-0.400893791059523,0.302648996853277
43092,0.599673606551606,-0.401008539437448,0.301877798711504
31084,0.596670346296913,-0.399719102627756,0.298346974685919
34656,0.598173078854995,-0.400858723762279,0.300276320654772
39881,0.598838834476683,-0.40017281748992,0.300994575046688
30552,0.598097646777826,-0.402230720993966,0.29970059569008
42161,0.599323327866568,-0.404878179061542,0.298996052619772
34542,0.600574218330778,-0.401068250881127,0.300868381392487
33801,0.599404147871438,-0.400448609129058,0.300677981142619
34599,0.599298815736102,-0.400659049953348,0.301569451275034
34447,0.598797481307151,-0.401362781296361,0.30066407436297
40261,0.598681389668263,-0.402270505113083,0.302258573730569
32566,0.599952403873965,-0.400504049793568,0.301387106142865
35397,0.599024150551308,-0.403078119033863,0.300433924242299
34086,0.598572138993228,-0.400392536613196,0.299080738975209
37278,0.599302487238213,-0.401289644986489,0.30098982594247
43073,0.599971301358843,-0.401101395312439,0.301904051670799
33041,0.59829270688321,-0.401652538447545,0.299789284926693
32775,0.59842274115887,-0.401915170483304,0.300286563009084
35739,0.600079447942378,-0.400841642634456,0.301531063856377
37696,0.599441960244982,-0.39968874019261,0.299968024295842
36271,0.598132465246263,-0.401977278335954,0.299036353971833
40850,0.598788805744608,-0.399669314191724,0.300675023139095
36290,0.597848210775077,-0.400676396280579,0.29878193964363
32072,0.599625140364443,-0.401038583541877,0.300850609195276
40052,0.599624794235052,-0.400592053595178,0.299834912851144
36442,0.598990259874923,-0.399800324090238,0.300531322348411
33060,0.600061331958797,-0.400017692828026,0.302011230956021
35112,0.598979426054616,-0.400828737895492,0.301726467291648
30571,0.598024973456097,-0.401602461839585,0.300333540275482
37867,0.59814656543852,-0.401857828338793,0.300016131068351
41534,0.601685466754063,-0.39982822455433,0.301500987183201
35511,0.601091127078823,-0.399938397044118,0.301611702692955
31768,0.599915433660038,-0.401425698875868,0.300656621242454
32661,0.598378979768845,-0.401002270736027,0.300343076917442
41629,0.598578363541828,-0.400303243547597,0.300984446239975
31578,0.59886404578585,-0.400205873197611,0.301258290624865
34675,0.600826992574653,-0.399349210830093,0.300166818016369
34048,0.597693281368024,-0.399260942965278,0.300412927595509
38190,0.598707925181506,-0.40100612284255,0.301012848208835
33858,0.601027497862268,-0.402458246118332,0.300454381990683
43814,0.599108901662819,-0.399422578362206,0.299848707058662
31559,0.599398036057943,-0.400276212234155,0.301003105390627
31179,0.597614990521835,-0.400476633913783,0.300087020341379
37088,0.599592138002878,-0.401352444554313,0.300303303345472
34124,0.599158082549109,-0.397377619519484,0.299661454663218
30818,0.599060201470782,-0.399820600835056,0.300196886406159
30362,0.597339764913515,-0.400491265279814,0.299963353899946
42199,0.599752694959604,-0.401219413129454,0.301032838060205
42389,0.601507712811563,-0.400520522446355,0.302039743046961
40356,0.599994450279331,-0.401469247741934,0.301868424809896
42750,0.602393761057916,-0.399107729766941,0.301942654478333
30685,0.600371312172696,-0.402070729707051,0.301271510259815
38437,0.597901302165963,-0.401017096929357,0.29948639821004
32034,0.599093568241769,-0.400071499135168,0.300478162664294
39786,0.598932343918431,-0.399729665331564,0.299794835478481
31027,0.598363207050717,-0.399195232966334,0.30027113839554
31882,0.599676234734678,-0.400960846684685,0.30147997566427
33516,0.598813081909043,-0.401172020549131,0.299665208591696
33231,0.597481350857709,-0.400252709722683,0.302651979171662
36955,0.600449268824352,-0.400429487990465,0.300799761330458
33839,0.599105796499303,-0.39938928380286,0.301480849758556
35720,0.599432928404436,-0.39996715433693,0.300438471567624
30286,0.598489353432701,-0.399279642589782,0.299485313645495
43738,0.598095603678108,-0.398460628785457,0.299761200709344
42104,0.599675697241617,-0.401778074244412,0.299336750881057
30590,0.598842740855035,-0.400599051912008,0.300187940044813
37582,0.600210719961842,-0.399205107821174,0.302231970284102
42522,0.598592220894385,-0.400868367131125,0.302644966498777
37772,0.599904998042486,-0.40117007282456,0.300513124738958
35606,0.599732119453926,-0.401679597069898,0.302182669346023
35055,0.600512516908851,-0.39911019481404,0.300715815617013
30438,0.598686940094677,-0.398843601633947,0.302600231951506
32585,0.599367501789588,-0.399527872409826,0.300547345187565
33098,0.599353762762009,-0.399606417504215,0.299925052311747
40679,0.598069317176009,-0.40214745458487,0.299842198457518
33934,0.598328602365296,-0.400361266392224,0.300435432759985
34827,0.599630204941843,-0.400950868973134,0.301424175759471
32129,0.59854151153536,-0.401252451706016,0.299589417847168
