31540,0.600548205983391,-0.399507475272538,-0.0656466801029082
42598,0.670621776591307,-0.442398466432366,0.778474867512837
35492,0.496479239207561,-0.338206889494941,0.182420133955908
40299,0.655478425992513,-0.519379056577979,0.538733082548771
42294,0.468301340684682,-0.376237985903169,0.661346308400327
41173,0.558567768341508,-0.340133630929271,0.659302494360953
32832,0.654571020196515,-0.334502461290274,-0.0606629480249782
35644,0.598650408105077,-0.499036131188812,0.180637386764266
34219,0.731703705777902,-0.49993535963216,0.0583279379180587
30495,0.525596607742394,-0.424965983418262,-0.179994055731481
30533,0.577415941488751,-0.466704105229347,-0.180242127813049
42731,0.537444553028732,-0.345132977228917,0.780179543888084
32376,0.520294621752898,-0.312992031228032,-0.0643613089130816
37677,0.46807520716301,-0.377970840980956,0.302999408245432
34979,0.613529988909939,-0.359887934070257,0.182786806523889
40318,0.680262900348922,-0.520093309985601,0.539845111126736
35891,0.677636314630209,-0.353516290273394,0.179015850708964
39292,0.620516799269112,-0.429599933077933,0.54391633607154
42028,0.702786182594015,-0.38030827006605,0.659032182439993
32338,0.565567120587594,-0.315116105589003,-0.0643419223118719
42256,0.45652598540232,-0.334636350535014,0.658911706593722
30039,0.594580078762857,-0.422338125278497,-0.181696920032964
37411,0.699181356434318,-0.37583672567389,0.299102598491467
37069,0.498964026482253,-0.375703837379924,0.300701020274892
32319,0.593985700202163,-0.323932629894435,-0.0605949479558902
36499,0.642145546108889,-0.380705993795014,0.301633090635212
41458,0.703480252123751,-0.426727036845558,0.65530607928867
34466,0.521202865027391,-0.281386135931911,0.0610763155073253
43415,0.702127500070486,-0.515986021472448,0.781113037165634
34352,0.678293271571648,-0.353860353218944,0.0601347549251021
34618,0.59831784474635,-0.401112534819014,0.17833581388112
33269,0.561255193576161,-0.424454088978108,0.0598330354866498
39729,0.526863722887189,-0.420706918327609,0.543516362599983
41040,0.659468589403544,-0.455889364117615,0.654113178490495
36936,0.592766929360476,-0.322098600888983,0.297548159366348
32509,0.520811416494144,-0.447187755378519,-0.0603942984149715
37753,0.621026554467446,-0.431532489252048,0.41590833450183
34010,0.479167802022337,-0.397849892781642,0.0608485353305154
30476,0.506636698662073,-0.399360430408343,-0.182329361727044
32908,0.543936328630436,-0.283791519642303,-0.0606588464447304
35321,0.686111794305672,-0.400224604231831,0.177915149803446
42921,0.678058051220733,-0.487398867193439,0.778784888728542
37981,0.668586175955837,-0.44006962325927,0.421136394105788
40755,0.468119742333762,-0.377413182135307,0.539020957230174
38114,0.537347568407244,-0.343782471246314,0.416746722426284
43111,0.566405294550203,-0.315503483229715,0.780361179267732
30305,0.66933740305544,-0.4257391266511,-0.181009547799334
35093,0.508348684919075,-0.39723907453284,0.185085145467848
35226,0.676823737588663,-0.486397921918055,0.18006572891412
36214,0.621992246223479,-0.431453490651411,0.297595398726801
40033,0.565366743749481,-0.315967775643606,0.535658440170185
33288,0.586942397459764,-0.444801443002407,0.0592712855318934
38741,0.627136233367596,-0.511556959379848,0.419667260290645
36138,0.466620572275907,-0.377747893977309,0.181591980981899
33497,0.5366112191803,-0.344558596589764,0.0630643974527951
32642,0.700415888336495,-0.518176978110449,-0.0601982519353203
33117,0.592873240924484,-0.422775558540007,0.0604381532216923
42674,0.612199355139346,-0.358502887038212,0.77743378004292
38779,0.678890684564746,-0.5202194860408,0.420398530167168
41325,0.60689386179498,-0.479069550501012,0.658709499380893
40546,0.628281070630318,-0.315735498059844,0.540081945518755
36480,0.658596224819761,-0.401849328019053,0.300002859880431
40337,0.700102348019331,-0.515913096768443,0.539918789477552
31749,0.584295233431888,-0.444584320314822,-0.060962176817794
40071,0.520653748402842,-0.314405044700448,0.536033920233846
39957,0.66986233701608,-0.37837220768297,0.543362586701953
40394,0.738482863041399,-0.48703078119756,0.540040827773961
39672,0.529432193258394,-0.357478051626815,0.537475449370469
35283,0.707326458678376,-0.446889421115278,0.178515472564719
32357,0.54052261917676,-0.310811788511721,-0.056916576542913
33155,0.633614363234842,-0.423072784046452,0.0636705452676985
34960,0.639224617787798,-0.378633840712601,0.182257752297778
38171,0.507185190609485,-0.398907989389469,0.41661520262167
33820,0.64939856915747,-0.356236721037429,0.0613221062512438
37810,0.608553941705498,-0.38005756381482,0.418165153630696
37734,0.594833359169711,-0.423165633998059,0.418660011279707
41990,0.72925396278556,-0.424792378941457,0.65800009327473
36632,0.508317724419542,-0.398486232661634,0.297702616405463
37544,0.521185949679308,-0.281851623764227,0.302371624002482
34276,0.741286271042767,-0.445960391621786,0.060180920249896
31521,0.466552800346617,-0.375781994030953,-0.182907603077243
33554,0.509783344909443,-0.398664817251409,0.0614434154615514
38380,0.703770788231359,-0.425341983912851,0.418723449167619
31996,0.529469202972428,-0.380089766155142,-0.0591956999334463
36670,0.554103235146528,-0.445273692772258,0.304008802628887
33174,0.625512107712389,-0.400251845151828,0.0643435541468589
30856,0.501572195586001,-0.324929964965917,-0.182922900930832
32053,0.551496839112169,-0.444758712399218,-0.0586064348175969
39064,0.543010189854386,-0.283876388255355,0.420839025444196
43624,0.626282994519081,-0.31672993282208,0.778063341010233
31920,0.587161455057478,-0.347351935554005,-0.0625201681727811
35777,0.73939179426725,-0.485026827050688,0.179502156868235
39615,0.585743573284818,-0.345293675362601,0.536294690156721
31426,0.47999806578328,-0.289216889983545,-0.179482328458264
35986,0.546702227985624,-0.282392056754806,0.182343561162446
38038,0.640775352696879,-0.379632089365321,0.416866472591727
36575,0.536907247685163,-0.342681814505232,0.303476858420749
37525,0.544249035641692,-0.285429730519598,0.299596507981342
39444,0.585796184685549,-0.443026230888195,0.53884691026309
35701,0.677840792060389,-0.520888115074431,0.180977550582113
40090,0.502789337800913,-0.323274778457667,0.539261940460116
42560,0.639192095316086,-0.459464985531717,0.778296687251898
35302,0.703093105418363,-0.424919862324462,0.177687600109963
32794,0.701150521755625,-0.37718763070376,-0.0595921213274043
41192,0.538522762300393,-0.346102623030455,0.6605708020926
33725,0.701343056501039,-0.463142295215584,0.0594116692182934
37886,0.557475576290971,-0.423105198327341,0.415927677979748
31863,0.660603162792609,-0.402975463533803,-0.0648337046014133
38399,0.686349982397024,-0.401280740399434,0.420672357283643
40945,0.538994841581849,-0.399848830369904,0.661609931024143
35131,0.551157521133128,-0.445211611213806,0.176455107669069
38665,0.518496671093003,-0.445372675419772,0.420135076853404
37829,0.579789260940258,-0.370352162170166,0.418983236814477
34409,0.599622652317263,-0.300490491817909,0.0603575886510688
30343,0.6416558894272,-0.382065712087227,-0.181534922064
34333,0.702125942291228,-0.378796432739036,0.0609740984317342
37164,0.570633088066436,-0.485152415114519,0.3017706340886
37050,0.490144488578221,-0.355303201117026,0.301368511522662
37259,0.700401000111153,-0.516278913494044,0.299135458812031
41515,0.649954868578669,-0.358583944795922,0.660433278184935
31977,0.530283038073431,-0.359029335810415,-0.0627968596442748
31939,0.559208102887087,-0.341427642016153,-0.0618097629267449
31293,0.654298252021481,-0.334363871531302,-0.181816461509403
42541,0.615072490291979,-0.458439131122727,0.78014878603352
43529,0.731575347833247,-0.424907896134598,0.77948739430305
36233,0.634128330192444,-0.422501658625984,0.297846072487105
40280,0.628665776527787,-0.512474417956318,0.53955859122247
31274,0.678780055854829,-0.356775074529462,-0.183287276344633
30115,0.606635465599188,-0.380409417354383,-0.181239565610766
34713,0.627716764441817,-0.397193480508429,0.182232188607854
40774,0.599619628430838,-0.401612157162087,0.663343100758831
35834,0.733399203779833,-0.423303302403734,0.182250333783663
42883,0.635651371163226,-0.486717464121639,0.780264968906462
31825,0.673303720832376,-0.441345564394593,-0.0590290401076132
32870,0.599624880567558,-0.302099232432543,-0.0603985101564209
39900,0.708696865700381,-0.446562522353656,0.539688480755844
37297,0.730577045411309,-0.501576651102969,0.299693209270739
37373,0.732745068996595,-0.426230488544196,0.300385220320814
31065,0.654406723082278,-0.517205103486457,-0.180604943976092
34561,0.457283506054097,-0.334999343404819,0.0606466936333629
30020,0.568190993382793,-0.399622859333424,-0.181933270590869
40660,0.480767720303087,-0.292162386954956,0.539415622156154
37354,0.741379139241981,-0.445832415943768,0.299443042362777
32756,0.731069915296559,-0.423623991119758,-0.0618227362981117
31217,0.733773601952749,-0.424724469974946,-0.180280932987671
43833,0.466618212751308,-0.376608876575174,0.781311355805012
38836,0.733218586221708,-0.500964914130557,0.420724029648334
30077,0.633831907309326,-0.422600220038697,-0.182623229989795
38817,0.720513441189895,-0.511024116652368,0.420503852444406
30134,0.5790370836031,-0.369861544866406,-0.179209436579297
34941,0.661315457249595,-0.402886945310852,0.179484652304641
35853,0.718977036943476,-0.398845966859933,0.180011845251591
30647,0.703384772425149,-0.46373810027526,-0.18319265425651
36841,0.704138111524487,-0.425227038996619,0.300999530476271
38475,0.595129701677512,-0.32179871504664,0.418760727831407
33402,0.659097429207544,-0.402675160965578,0.0634525369422631
34998,0.584742222977689,-0.346361248592251,0.177233194876464
41553,0.596277244533017,-0.324976646008072,0.660363167118643
30457,0.529906286867868,-0.379863833906897,-0.182245470880965
36727,0.632687070071639,-0.486599945605161,0.299531819774034
31654,0.607907884438878,-0.379750743738506,-0.0566215139937273
39805,0.63208414682167,-0.485458964196063,0.537868678044586
30894,0.491598505586609,-0.355114842473375,-0.17960068708685
41477,0.688264454024339,-0.402201336212222,0.661415236804353
41154,0.583948258655909,-0.346610647414122,0.662741878550775
38095,0.558937824074625,-0.342938447001294,0.421166344087069
41135,0.613062099789109,-0.357749000017411,0.659463914241622
34808,0.558608143217983,-0.42252351872232,0.183420105830601
41059,0.670677183749393,-0.442995305340798,0.662467538237407
40204,0.520915319084215,-0.444591218232812,0.539713366423872
32737,0.740131284653032,-0.446056477776719,-0.0616049388836812
42009,0.718463364813972,-0.401318585715411,0.658817463353252
31597,0.619121036710815,-0.430279702215946,-0.0596128301777209
41610,0.519184393967254,-0.314213016664887,0.662702570869278
41724,0.497744771185777,-0.425698911194159,0.659615703780256
34751,0.578998957723116,-0.368415195999984,0.180548626380026
31958,0.539840296063013,-0.345304886481618,-0.0604822610044655
32813,0.67932671879318,-0.355699401111004,-0.0610661502087686
39102,0.499326708788452,-0.283925946886282,0.420456886530963
30989,0.545431176019034,-0.46737080745413,-0.181390069523412
40489,0.700480813728876,-0.37881255875035,0.539338360296523
32224,0.704369319080284,-0.42478079428211,-0.0640347799925871
43434,0.720545198306106,-0.511988757321977,0.780322999635648
36822,0.705477312948856,-0.447607936888325,0.300668145309793
36081,0.459377077774272,-0.315994374989296,0.181981011013852
36689,0.575060377398223,-0.46397489318281,0.303200431362585
36974,0.542530016672124,-0.310262442812622,0.302959637800356
34257,0.743005022640547,-0.467350801922589,0.0607758118606881
30837,0.520374825414204,-0.314502230487803,-0.179558446851974
37012,0.503229497842302,-0.323632209914248,0.302919294450242
36765,0.677083773806345,-0.486038536695242,0.29925026179734
40527,0.654038867633932,-0.335066057316951,0.539378689490642
31369,0.545133726581089,-0.284366735295908,-0.180675304039019
41420,0.702420700480651,-0.46294168732536,0.659556200054325
32167,0.696153720591987,-0.480224264950235,-0.0629548613391327
43605,0.654803155423661,-0.334531854613135,0.779128314878856
37145,0.543223392947225,-0.466055680904347,0.302422631645838
43491,0.742799701255841,-0.469300973295425,0.777042063752351
32946,0.498201574105664,-0.284413519408282,-0.0611717608610168
43510,0.740174327136055,-0.446470874446474,0.778042846548168
38266,0.633699757304797,-0.486223067786679,0.421047314972551
30780,0.594081188966453,-0.32292878289982,-0.181313658786941
31407,0.498241763695199,-0.286133246300724,-0.182583256030278
30267,0.660432189181307,-0.457670109834499,-0.182923010238112
32186,0.700905854778998,-0.46104529502012,-0.0614803570506489
35929,0.625194603985829,-0.318681586438226,0.178743871500672
30191,0.558064679686321,-0.423442760237112,-0.181145815885362
30381,0.585677572203597,-0.347682905375499,-0.180896660004661
43016,0.689242850742042,-0.402091176984501,0.77761837179965
38323,0.694283913183757,-0.479101361099148,0.418939619009893
34770,0.563262394427561,-0.379282342507414,0.181113930008945
43339,0.600936856470973,-0.500684541821849,0.780574924511829
38076,0.585763173909743,-0.346577356756477,0.417551931562043
40147,0.497576129124723,-0.376879288966241,0.536757272087716
32547,0.572476576569291,-0.48542368097035,-0.0601607788843331
34580,0.459093919627422,-0.352777712713294,0.0620137302403479
36309,0.563279462281912,-0.380664027169319,0.299011220118477
34922,0.670556859306523,-0.42475725690287,0.178417075817904
34637,0.566878261053497,-0.399088694853812,0.176387093539045
42427,0.607592494394938,-0.37969093203023,0.780339162315235
34903,0.670025532334268,-0.441546670384604,0.179875498519597
36803,0.704551516618243,-0.462525105383548,0.301262658373314
40926,0.562819704086889,-0.378627437608935,0.657771579877533
42712,0.55799012359963,-0.341351612743084,0.777419385972391
42959,0.702244247806916,-0.463991396555293,0.779063663149677
36252,0.625070627546335,-0.399213995317521,0.29914244104251
41705,0.483395399427217,-0.400067613130086,0.659871508224483
34200,0.71853779625641,-0.511005226760639,0.0608150185854204
32927,0.517926974639161,-0.281049863926966,-0.0615479974319081
43548,0.718962152428029,-0.400657776143623,0.778350613816784
34884,0.65727212544452,-0.455296577377388,0.183488390588235
36879,0.672863685879063,-0.378821980735447,0.303826562837425
31008,0.571196706974274,-0.485409393786122,-0.180843019185868
33326,0.641345214661612,-0.461813540033579,0.0595075666800225
30932,0.481240296706632,-0.402026288165437,-0.180590377457198
39273,0.592836907977636,-0.422301325149286,0.544333317966529
36005,0.522393819067591,-0.280669544313434,0.183524287472145
31198,0.738277329393606,-0.448662381523852,-0.182141300312636
36100,0.455470149723686,-0.331806338691772,0.178280519688909
31160,0.738838807462596,-0.484960261706605,-0.182602111275175
36518,0.615362615172436,-0.35781397163979,0.298637529388442
43187,0.492500838954221,-0.338283840856897,0.778859796177604
42180,0.49691486028955,-0.282087220771773,0.659447036846303
43301,0.545274869333325,-0.46341878667829,0.778876730507624
36917,0.622249553571792,-0.337053653008633,0.298497160134028
38798,0.700149300382236,-0.516578588223724,0.420707715388469
34485,0.498624625246579,-0.280754830772478,0.0604238121406653
38228,0.575687190209897,-0.463921390251828,0.418729261633619
39862,0.695894813291254,-0.480804784966819,0.542545756536221
38152,0.532259648446573,-0.378425172463406,0.420039886520707
30096,0.627415484355179,-0.398772205473287,-0.180181111584821
30153,0.56222255493193,-0.377407176041143,-0.179868522773565
38532,0.520808181119817,-0.314785070205094,0.423558465715757
38684,0.5444569468713,-0.467887449379352,0.420819642012558
43643,0.598896651698824,-0.302611280563729,0.77811894972986
38494,0.566000057950895,-0.315554432293744,0.419540424366291
37240,0.67993422116594,-0.520895112952675,0.302014581481427
40983,0.584225318030057,-0.445034643282582,0.655484444405469
36537,0.587408551411826,-0.345855391801517,0.303759439528999
40128,0.489324162035781,-0.355166756656399,0.544001176556308
30799,0.566408117735589,-0.314286126914724,-0.180853113874181
36898,0.648770771222858,-0.355997594955195,0.298934330420644
31046,0.628289018668955,-0.51089449817475,-0.180770916994228
34067,0.546065578853202,-0.466202765297636,0.0613139460909382
42617,0.671633655899465,-0.423479179103826,0.779730080412683
42579,0.658383567433775,-0.456958354390165,0.778791020393833
43206,0.488721470234218,-0.35606189885615,0.778891378037009
39691,0.530629101563102,-0.37989607797736,0.540144813713379
37943,0.637671320418666,-0.460020120171376,0.422086492838893
39330,0.628923233044625,-0.400742197099055,0.540402579364866
37221,0.655772996144366,-0.517918719653938,0.300944754807498
41971,0.739143562208935,-0.446810212167122,0.659211474513103
33706,0.69512312198163,-0.479035570435748,0.0615598373276195
32414,0.493279437471892,-0.335507430713208,-0.0638014933762341
32110,0.634264078819673,-0.488481419277537,-0.0570081495155985
39235,0.59813365751681,-0.40183745111235,0.539317562009652
35682,0.653921015014224,-0.517810619508341,0.18037864122589
35625,0.571593922386226,-0.485005684859417,0.179710262334614
32965,0.481965131439104,-0.291911427235938,-0.0617269258255505
36651,0.528181451322517,-0.423257078919047,0.303871152895854
39121,0.481027569250314,-0.289953813815007,0.421380638092984
39254,0.567679294939968,-0.401095171505237,0.539586264599141
42484,0.538816362234908,-0.403107081477614,0.78055035941347
37335,0.741603583323401,-0.464213349962552,0.300250488522132
32015,0.509183189820675,-0.398201213966893,-0.0576623240248735
39501,0.660127327532405,-0.457347610248563,0.536955560215171
43472,0.742511295144267,-0.485202981866778,0.778693948305516
40014,0.594688019084609,-0.325883905958817,0.538132374443323
38133,0.52948543249346,-0.355337069839451,0.416579679722329
32205,0.709725285678185,-0.447458952013764,-0.0594143262180395
39311,0.634016733188997,-0.423222829354462,0.539863046420828
38057,0.6131166857892,-0.358098989670651,0.417522450969895
35663,0.625557099573418,-0.510080183329835,0.17956998695768
31350,0.572636463764315,-0.293236437144728,-0.182153199698824
34846,0.61330038904804,-0.45449574443496,0.181943214950244
36366,0.585256099396493,-0.442485908628317,0.300868881933355
34371,0.654809848054877,-0.335334606027977,0.0610694049081713
33611,0.57486171768208,-0.462686340131424,0.0587757541637143
33744,0.706327125122974,-0.446034435346907,0.0637647698990411
40717,0.457279949171501,-0.336774505992529,0.539749771064478
39045,0.572940389992615,-0.290425102271103,0.419137283637011
39216,0.467561655282901,-0.378624366222548,0.421350897678553
41933,0.741061799367731,-0.485337645464897,0.659421073500932
38000,0.670008687462446,-0.425209686704282,0.421866455199927
38361,0.708802055847021,-0.44774090182107,0.416324670747714
37430,0.67863745890562,-0.355778769748611,0.29978893815794
33022,0.456198877953142,-0.333929256328857,-0.0600891582914765
36176,0.566185129233134,-0.397788174388004,0.303941290680603
36024,0.497037165696405,-0.283205383463223,0.181466549187585
32718,0.743833999961004,-0.467963386194967,-0.0605091950700373
39634,0.559004838031858,-0.339317363999668,0.541853297373064
30419,0.537211650861246,-0.344319320474185,-0.181118153478015
32889,0.571419111560318,-0.292380495525866,-0.0612718365364893
33953,0.494140307049345,-0.336731821279698,0.0578246464167763
41211,0.52894234081017,-0.358077779843431,0.655841275439574
37791,0.629329252704343,-0.398873360588964,0.422668020962629
37202,0.627585400842651,-0.511568983201601,0.300864450545084
30324,0.660306529830037,-0.403748484969475,-0.180849507082938
42218,0.467657574660475,-0.302024511727645,0.659248056803285
35359,0.648231402820796,-0.358212605694002,0.179382542578772
33440,0.613854992121341,-0.358883991184665,0.0615546208416143
41743,0.519136954302456,-0.445016160369089,0.657883984153868
30913,0.499201658156178,-0.377257359706863,-0.18244673314688
38570,0.493931021389689,-0.337353206777671,0.419438239501116
30210,0.585607885777972,-0.444494393015047,-0.181162567286505
43244,0.480087093450313,-0.400008395372478,0.777670896352577
41382,0.679590323839631,-0.487122534142391,0.656046262115829
31692,0.564214695966296,-0.378163895272879,-0.0626195289648522
41230,0.531865898079017,-0.378520998981521,0.657302594340305
41667,0.48918598816564,-0.355315132141989,0.6608883391189
31103,0.70137125298604,-0.516720120529044,-0.180565402731478
43757,0.468811490233268,-0.3017919795698,0.780536535817514
37468,0.625756597571605,-0.317584972010348,0.299348444122361
37715,0.56765395196572,-0.399706538752924,0.417204930784243
36556,0.560654457373956,-0.342741114638423,0.296791538583159
33079,0.598961818398298,-0.399894410686039,0.0613202444251841
32604,0.653388101062403,-0.516883906509892,-0.0615449348810639
34428,0.571833502509604,-0.291360810054571,0.060910416557298
35017,0.558114637160711,-0.339453474120136,0.179660842549593
35587,0.521638773664844,-0.444283665381608,0.180487984574932
38209,0.554903425258072,-0.44718886978207,0.419099075463412
42351,0.593486332745856,-0.422437080101423,0.77958293801968
34105,0.599840201174642,-0.499728347282241,0.0617615541462648
37924,0.612904482256885,-0.457323070320956,0.421754892497319
34694,0.637737418714667,-0.424590279981166,0.17912303170632
35150,0.577003733138427,-0.465504439120123,0.183014835022885
33573,0.527577452473655,-0.422184831206098,0.0586228870025894
37962,0.660212402277537,-0.456215798735238,0.424195748482116
40888,0.607532263368092,-0.379466129905207,0.654637291254074
41401,0.695968012145521,-0.479337935268998,0.654127884463756
40831,0.61910409485227,-0.428624361500604,0.655908849871378
35340,0.668722063539076,-0.378169358102057,0.179417172948524
30058,0.621551759044025,-0.431403941353863,-0.180807105998152
42826,0.553478366555511,-0.446804482876723,0.780352858424136
39653,0.536547362135064,-0.343699007475654,0.540445703077594
30609,0.681105732361912,-0.486073955344156,-0.179579157147119
31711,0.537122569250807,-0.399929910723217,-0.0583545246601976
39748,0.554321885730738,-0.447441069410221,0.543786263242275
38627,0.479663379332083,-0.401385023231268,0.421972166705053
43719,0.499145920926928,-0.282323025907819,0.77995911175689
33763,0.704194807480525,-0.425594311444978,0.0625870052140122
39178,0.458159382144773,-0.333307523388505,0.419919501592433
42465,0.564244959622283,-0.37878615078986,0.778098519403649
43586,0.679297186456337,-0.354779454259978,0.779255604857559
36594,0.53044458542668,-0.359390018439297,0.303314288643857
32433,0.492430793823383,-0.357752582559091,-0.0598606158737756
35188,0.633270788382385,-0.487920193327669,0.184769380090366
31388,0.519814006251886,-0.280096660475137,-0.181939134743779
40907,0.580707423229914,-0.372010345685827,0.659616129597989
35416,0.562655574492974,-0.31508248385424,0.181956748169712
42636,0.660237819534917,-0.402038420989644,0.779529212401055
39938,0.690013258676101,-0.400220279991579,0.536432043259764
39520,0.669757301230642,-0.441840655214395,0.538746585397346
33592,0.551765289462336,-0.445890324522309,0.0617013731028694
32300,0.62250711263209,-0.340842489329557,-0.0597952428934953
31464,0.459057840122409,-0.315242260530855,-0.18473504632179
40413,0.74159359232175,-0.468315212104322,0.539803632523986
30172,0.53893258606487,-0.40084186782304,-0.182137571934698
34162,0.678365675350252,-0.519391982538474,0.0599208085039342
40109,0.493672067000637,-0.337628466187879,0.54250242080785
36119,0.458681785880811,-0.353259793451128,0.18018385878475
32623,0.680013742385917,-0.521215200256645,-0.0587601207307168
37506,0.571499243359081,-0.291818116623744,0.300357099878142
30400,0.55683465493399,-0.342716111877706,-0.182248445875748
42123,0.57197955803405,-0.290852750190617,0.658999755276558
41268,0.525627955552155,-0.423852657734874,0.655938104432055
42997,0.704211160546612,-0.424850223499798,0.778657204868751
42940,0.694320007548351,-0.480068661972305,0.778058069191281
41097,0.65870343944019,-0.402236499794232,0.656834125292549
42275,0.460152370376365,-0.355571339245811,0.660053343755231
39463,0.617379721505591,-0.458688894713718,0.537132945692218
38456,0.623061194317258,-0.340115441657367,0.420535203677041
40622,0.519366141159002,-0.279358871202945,0.539958892574295
37126,0.519550179093315,-0.446236950437451,0.299933805253398
38931,0.716906050608877,-0.40129979090624,0.418291943100163
37848,0.563118249221998,-0.376028703214421,0.418879099218361
38608,0.498985222175151,-0.375606077169283,0.422184129980288
36385,0.614769305500147,-0.454846390965298,0.29893456298531
33345,0.658255301868182,-0.455450932411799,0.0571135889738318
33003,0.459230948173386,-0.315496338832183,-0.0605848855171117
33364,0.670788858978323,-0.44193884615981,0.057663817031425
37601,0.46613951648075,-0.296600446436229,0.29849908007311
37449,0.654728764704765,-0.334577282119317,0.302070826853802
34504,0.480290609819101,-0.290239127659665,0.0626953944096079
41572,0.564506417830625,-0.314867685183274,0.656668045234374
37620,0.458802973306945,-0.315722930427651,0.301795797658864
40565,0.600093227826406,-0.301576988092411,0.540467288346146
42845,0.578031482610292,-0.463957142588878,0.77916413826884
41952,0.743892694187838,-0.467835572332447,0.65889210880663
41306,0.577370250982389,-0.464289070658846,0.658341126725154
34523,0.468136686456445,-0.30362113596574,0.0595708471942012
42142,0.54698918557124,-0.285430230237291,0.658100323858661
42332,0.567564658127646,-0.400052260316684,0.780244708407268
37183,0.600590693425239,-0.499011890448626,0.300698024194861
31616,0.635329618697844,-0.423881356675879,-0.0624946899023767
38874,0.740502281140853,-0.465424052600094,0.418531656806533
33136,0.620593354468772,-0.430557651747523,0.0613790734848175
40432,0.739832438275807,-0.446104916599825,0.539101645326103
35074,0.528414661443487,-0.380218836454486,0.179661451785547
32984,0.466244800857744,-0.299004785775562,-0.0585846761928281
38019,0.659535867617235,-0.402269196527199,0.421417371941705
33877,0.565358423498311,-0.313228878420826,0.0605441058818692
43776,0.461686492949989,-0.316473576189451,0.779411643515586
33668,0.660280916181877,-0.489633747598231,0.0635310562092603
34295,0.73278250974715,-0.425210435084453,0.0609706093514959
36062,0.467276664146944,-0.30198252502286,0.180047528277461
43396,0.677722641383261,-0.51969453241496,0.777602702411965
30723,0.672139853447338,-0.37811226665699,-0.182181302538244
31236,0.719081164211033,-0.400457528563007,-0.18073166576067
39007,0.628451822029931,-0.317259029932377,0.420091023249633
37031,0.495098271660825,-0.336376622746162,0.303649414774193
33307,0.615018983361667,-0.457476001850405,0.0616010116166287
35264,0.704797171426133,-0.462698287687473,0.182433746174271
33193,0.607745073153695,-0.380851367563505,0.0621668532573526
36195,0.593662745661951,-0.423235975680784,0.302611258404105
31673,0.582316417127865,-0.370212099461891,-0.0599762010049397
39710,0.509031974707944,-0.399681544128084,0.536810117627807
31483,0.456497468410736,-0.333910457332133,-0.178353063377883
40166,0.481735927577872,-0.398603332676477,0.539281054589578
42503,0.560286460643636,-0.425224904951077,0.780819690988659
33649,0.634960239979811,-0.485857356647151,0.0570073250345847
43795,0.456128999100524,-0.333111794129701,0.779309256404361
37487,0.598922124257792,-0.302274167879188,0.300367990098872
37905,0.587054703491565,-0.443700150318788,0.421723609086077
33915,0.519232450483837,-0.312712964141299,0.0639377245593945
42408,0.628983890718905,-0.398460501575281,0.779429687396607
31787,0.638467250741375,-0.462040616443572,-0.0582722370923226
40223,0.546011579188566,-0.468426919361818,0.539661258646471
38950,0.699171818086185,-0.378465619310211,0.418717165618676
36328,0.539791115442266,-0.401687363388183,0.304736032501627
38855,0.738977981958752,-0.484763509360637,0.41954801396448
42313,0.604081613929689,-0.399028285477582,0.781003910554815
41819,0.626671706056788,-0.511332659998119,0.659098396248681
40375,0.732221157587846,-0.500171411013488,0.540195495378063
42066,0.654710089245313,-0.335078522884499,0.660191219294966
35245,0.696607983589643,-0.479706523086891,0.179623980682279
34181,0.700838639836862,-0.516160847639745,0.0606298567146943
39140,0.465167010216254,-0.299486227473533,0.419110888056839
31635,0.628319735671122,-0.399274606829608,-0.0584826606346574
41876,0.702230472284351,-0.516427226096026,0.659342975269358
37107,0.497654236714127,-0.423466335653401,0.300638494109429
33383,0.668922871221551,-0.424325834919703,0.0586406005222172
32490,0.499998255912926,-0.424680090491367,-0.0581171467756036
43035,0.669494673585839,-0.378136582761662,0.778124103942928
39368,0.583191984055797,-0.369986327852307,0.543816085465226
42902,0.658038411940904,-0.489734264267388,0.778043900474785
36746,0.658190377293766,-0.489463321121516,0.300968848425726
39482,0.640134934333984,-0.46168191612488,0.539360382299997
38893,0.739177769978601,-0.446415286919634,0.421004734416496
37639,0.455046025911567,-0.334849987046815,0.30151810823085
36993,0.520246350232457,-0.312954977544858,0.303972457058484
33782,0.687471619688282,-0.401140839577776,0.058152656753755
34789,0.537662548149181,-0.400206424672555,0.180020009924792
33535,0.528270049871904,-0.377156518446574,0.0639595977289924
43453,0.731770340385398,-0.500162708957322,0.778104106997312
39995,0.622906241335203,-0.34008023810808,0.542214146479768
40793,0.568961272685426,-0.398608228105808,0.660398679643265
42788,0.510654229604603,-0.400953871187798,0.781201001444532
30704,0.687885064944472,-0.401146196111887,-0.181893313261403
33896,0.541092222118512,-0.309778969950679,0.0614569647294855
31806,0.658127861904463,-0.456341697612008,-0.0642684107639097
42978,0.706571299966832,-0.446834185015419,0.778398024832634
30951,0.497837780971125,-0.424101697472242,-0.180801117879504
41648,0.493503180165138,-0.335621736649364,0.659936164724843
39596,0.613347295262288,-0.35803339807603,0.543209805788193
34865,0.638829572615826,-0.460268199402164,0.177931503005731
40812,0.593761887523944,-0.418684613215639,0.655440302829785
30001,0.598757846451436,-0.400395650234095,-0.181619845963529
43282,0.5192554209177,-0.443516734651021,0.780262460426798
41496,0.670151595528343,-0.377363471490394,0.661162981997553
36157,0.599069098812734,-0.400212254529191,0.304102381996975
42655,0.642968601606684,-0.379901038913082,0.778398163237344
32699,0.741720084629023,-0.486009852402563,-0.0605560357486583
38304,0.679824921293451,-0.487930410759114,0.423217847546149
42807,0.526895368890616,-0.422824111956796,0.778669362483752
38418,0.669185147763677,-0.379456895899277,0.418629610915607
43662,0.571017758618878,-0.292167920268864,0.779049127938282
43567,0.70132280136417,-0.379695279061083,0.778393675588453
35872,0.698601074922928,-0.377838247734057,0.180134415650658
40584,0.571317931242158,-0.291442621870682,0.540126920574178
41838,0.654355376174475,-0.51813189799302,0.659559435428306
41686,0.501308792441309,-0.377451303747122,0.660251380322174
30628,0.696751688508323,-0.480183878949221,-0.181682235283837
35169,0.605497306319573,-0.478458778519214,0.178190058358794
32281,0.646424123882138,-0.35707450250396,-0.0584918839451406
42693,0.586786222451697,-0.346815074235886,0.778957641774586
40698,0.459185211968538,-0.316441591950988,0.540486446570399
32091,0.607171389306351,-0.478169080086445,-0.0624597803082094
38589,0.49191907368505,-0.354785743402161,0.420634933655784
32148,0.678940345035748,-0.488179852714797,-0.0579874898924074
40603,0.545388731672109,-0.286043384239905,0.539394360016738
34029,0.497873670926106,-0.423021452685996,0.0594819007558895
39083,0.516643335646117,-0.28093223220498,0.420025633337932
42446,0.582056522049552,-0.370969771035885,0.77983976766811
39425,0.55952122623664,-0.42303308604625,0.536013110386466
43263,0.49908188689192,-0.42361588319104,0.780364614146202
30875,0.494609172977815,-0.336433397402779,-0.182321070534059
41439,0.707869846169895,-0.447509716734644,0.661157880878987
39824,0.658498722104643,-0.489987503047924,0.541785496845274
41344,0.633980992447917,-0.487775449104808,0.660997071956798
35530,0.498333803295176,-0.378344940240774,0.177831715110579
39767,0.576704399903945,-0.46406983387837,0.538471395078163
36347,0.557814676465047,-0.420990572960137,0.301092468573763
38342,0.703078181197137,-0.462839425509335,0.420580734024665
33972,0.491232385454623,-0.355873333459033,0.063997178988165
31331,0.599109147276474,-0.302291458983509,-0.18055336030737
33687,0.678017251899754,-0.48687855982955,0.063473061001502
30514,0.552193892027122,-0.446659100196945,-0.180774700461726
39539,0.667690869525523,-0.425786301342813,0.537943000385319
43130,0.541232181861967,-0.309469110157692,0.781066196283064
40451,0.731423826461144,-0.422030000922197,0.539573302767057
31255,0.702379540783857,-0.377495505753851,-0.180145172565606
36423,0.657866866309702,-0.456154877534999,0.300620853064566
39843,0.680572308263437,-0.488541481617084,0.539871882028905
37316,0.739583827942234,-0.485348973809214,0.300373162993406
35568,0.497168980108531,-0.423112452256679,0.180092360205235
32680,0.732577828578079,-0.499073343125797,-0.0605863562636889
39026,0.599697991143115,-0.300589081936045,0.422285373689018
40185,0.50012769784556,-0.424924389999536,0.541935757439928
41363,0.655494958376793,-0.490975933295911,0.656494403039181
31901,0.612772450610358,-0.35727384376965,-0.0578308154369417
35758,0.731554791046008,-0.499512714322523,0.180536043321229
38988,0.654565657026232,-0.333228657842132,0.422311518244644
36461,0.666550748275234,-0.423547489566384,0.30223833849403
41762,0.544805522454794,-0.468891398266736,0.660279824968221
31445,0.467519635748257,-0.303532230786867,-0.178057911121774
41800,0.601371475405712,-0.500946020064853,0.660887038693676
38285,0.659674758647203,-0.489803153226762,0.418543616730365
38513,0.540973916123066,-0.309475731205983,0.418809790329826
30761,0.623690448804536,-0.339240975901812,-0.181497020381307
40641,0.497064598226888,-0.282734376058347,0.538169714078372
35549,0.479770179814476,-0.400626624883627,0.1805779704766
42864,0.60579834017345,-0.477724438756227,0.777766306652041
37392,0.718437471509529,-0.398421675014008,0.300206058641568
38722,0.5977261158962,-0.497889225508602,0.420963122169492
35967,0.572614858654814,-0.287761877724798,0.180904022681601
36708,0.60912650224758,-0.47732748386583,0.303619409272562
39577,0.640941651314372,-0.379198861317414,0.539737818723543
38760,0.653480087033377,-0.517834626228289,0.420667600777796
36860,0.688814782217275,-0.402886732835093,0.300671555929641
35036,0.537544045799881,-0.343153332359609,0.180128477650178
39406,0.537586462311911,-0.400973222884624,0.53853031639242
41781,0.572424479965916,-0.485570283942358,0.661341922467481
43054,0.648549496896917,-0.357900273538075,0.780767632150641
41002,0.618289945487274,-0.459072694877346,0.658943087199408
30248,0.641221889173488,-0.460595459459767,-0.18076817483616
43377,0.65489805187907,-0.518219653197105,0.779568070709613
37563,0.499459281764327,-0.282464315198338,0.300525510508763
43149,0.520690661361892,-0.314544825162417,0.779580942904525
32262,0.669051122446772,-0.377780856864712,-0.0575730986570754
34143,0.654858518069018,-0.517816212479152,0.0614576091397571
42047,0.680017398628504,-0.35435094315371,0.659141545257581
32851,0.629078992225411,-0.316831451534719,-0.0600014494200999
31844,0.670207014898524,-0.425360283954291,-0.0586319489836689
30970,0.519729842316308,-0.446749761960768,-0.18174366118464
35796,0.742718094585486,-0.466794663907965,0.180590049205733
39197,0.461637909577303,-0.355701523451313,0.420272358560438
33991,0.498869768276887,-0.377928401807919,0.0632779583322957
41857,0.678137909848313,-0.518988494932412,0.659946844730906
38703,0.57220858350929,-0.484990527226964,0.420311027590989
33459,0.585806413143918,-0.345238739890617,0.0628932476460123
30229,0.617285336444005,-0.455938418453542,-0.181366068727299
34390,0.62742039718494,-0.317610932725436,0.0621845175656204
30742,0.647720194035576,-0.356621238495344,-0.180975276194531
42769,0.531226596041003,-0.379223193215688,0.779402775187122
32395,0.502189321849577,-0.324603473577071,-0.0601090829140743
41287,0.552614954243553,-0.446374926483891,0.65868724825463
40964,0.560517191680473,-0.424614438429286,0.664107573614796
38247,0.606948260646785,-0.480205808703196,0.4198469828877
43358,0.628049928122653,-0.511897128441942,0.778689845475703
43225,0.498705299921165,-0.375701620349525,0.780807008822269
34732,0.60928200144993,-0.378795570741696,0.180314792912665
35435,0.54146680153218,-0.312609330368053,0.177587899792387
32471,0.480352320923373,-0.398610087729454,-0.0588701069108803
41895,0.71814381294054,-0.513352034003304,0.660138931779549
31141,0.731544736185426,-0.499922115482998,-0.179977822566029
40869,0.628279916178464,-0.401537591108906,0.657293792657809
43700,0.519586347566213,-0.281338854333819,0.779859326921491
35815,0.740214902575937,-0.447507558726191,0.180556993711172
41021,0.640165362957029,-0.462094999921871,0.656997496004208
37658,0.456759485792329,-0.351085863546669,0.298479352505646
43320,0.572632939385293,-0.48646778849304,0.780114939750263
35948,0.599692576782767,-0.299641476405435,0.181010879824362
38969,0.679750233487346,-0.356419468177341,0.419281173783899
36404,0.640511920237518,-0.460527097441593,0.304831218052287
42237,0.461305849453843,-0.31772311553615,0.660531914363102
33212,0.580445695982154,-0.370833665999944,0.0601832612112675
35454,0.517502708729961,-0.313001123366561,0.180505682633184
34238,0.740631781502899,-0.486737812262167,0.0590581531828204
42085,0.627164613904856,-0.317813586335794,0.658938839765424
36613,0.528482761308656,-0.378303039547733,0.297241899024661
39976,0.647252714443233,-0.356318490311516,0.53465512758952
35910,0.654347897022656,-0.334178435082905,0.180683447865143
32243,0.687652998412901,-0.40038019867087,-0.0582060276701198
41078,0.67136927402439,-0.426773542003161,0.66303704271008
36043,0.4802832014408,-0.290455228265822,0.180788218859145
32452,0.498143051757703,-0.378776279376552,-0.0550865349464988
40508,0.679808505866651,-0.356631613430292,0.540473225422092
30666,0.707673509370037,-0.447988350703618,-0.181959024495541
34314,0.719846493957537,-0.401220366946286,0.0599265949004113
33630,0.60753165131103,-0.479029245808834,0.0583147966424334
39558,0.660452080324994,-0.400849448142024,0.535893141117505
39387,0.561450470851957,-0.376116557911376,0.537933841909773
39919,0.704514302811122,-0.425459578631374,0.537725132018184
41249,0.507925631849417,-0.39925418777828,0.659017649381134
35207,0.658610626487916,-0.490175353361888,0.180809763237968
31730,0.560819501941162,-0.425164951447739,-0.0559163770259654
41591,0.538890824510987,-0.31059205651979,0.660435621202608
31122,0.71728105910982,-0.511510296462663,-0.181803851137509
38912,0.73094459535675,-0.424312393892031,0.421137666781724
43681,0.543986207209596,-0.284160813314258,0.780086719860367
33250,0.538889329355288,-0.400930499753018,0.0624979030080062
35378,0.620863732236825,-0.33784348680556,0.178318449710738
39349,0.60860180602322,-0.379847231542871,0.540119299147518
41116,0.6424422729433,-0.380645504656616,0.662738800312219
32528,0.544717208407721,-0.468600354572145,-0.0602396323174362
31312,0.627985832519302,-0.31704662494786,-0.179684435521177
42370,0.619750641899727,-0.43110075090408,0.779254456024658
43168,0.504847706948536,-0.324549027454315,0.778902362336245
33478,0.558415469755448,-0.339415401617664,0.0559022819265616
33421,0.640692606035448,-0.378133164710096,0.0608504707040564
40242,0.572216339545472,-0.485522066757682,0.540455600414875
39159,0.459328265567555,-0.316284523127629,0.419216533010639
40470,0.718611839247665,-0.400509544750444,0.539086760592429
35473,0.501788648883639,-0.323129499665998,0.178670986724395
36784,0.698065896966514,-0.480043140325318,0.298646149270702
40736,0.459949397333481,-0.355410227043291,0.540348297063957
38551,0.50168988809265,-0.324404860125045,0.417158280205845
31502,0.459513297255624,-0.354322510932525,-0.180760903822587
41914,0.731897041385477,-0.501040182746867,0.659210250675673
38646,0.498343832648281,-0.424110020117383,0.422053486375894
43092,0.594378509920737,-0.32443851845739,0.780188599682022
31084,0.67799911038793,-0.520422011241924,-0.182407554269029
34656,0.592833906517327,-0.421152872046098,0.181127663626797
39881,0.702780942441195,-0.461379630996744,0.537299852329862
30552,0.60647592729094,-0.480015202239214,-0.180948775898743
42161,0.518968766507761,-0.282991824403585,0.658661082684759
34542,0.460233839488842,-0.316394873448731,0.0608726772257046
33801,0.670809955742875,-0.378105976422877,0.0645526506265926
34599,0.466738283058564,-0.377333728585422,0.0614006972258801
34447,0.544205666266032,-0.283290488181215,0.0607269508389998
40261,0.59797485419045,-0.501059685470294,0.540307861647296
32566,0.599812099458266,-0.500129233675452,-0.0603961139774729
35397,0.59406009072105,-0.326940702305896,0.183138869351803
34086,0.571174641423987,-0.485411026159087,0.0596732204251948
37278,0.718006816906545,-0.511672088884788,0.300270451282643
43073,0.623739855751387,-0.3392284660819,0.780188066943464
33041,0.45844943899335,-0.356532515098646,-0.0616548853538872
32775,0.71832909747587,-0.401918193157806,-0.0617900015578741
35739,0.719499784243525,-0.51109810478596,0.181340281735079
37696,0.599580378438042,-0.399844100042772,0.419627368695138
36271,0.607203934070592,-0.381408131994687,0.297981377286844
40850,0.635347692677665,-0.422825020658285,0.658968658870553
36290,0.578244434624845,-0.3709410839162,0.302489892412807
32072,0.576437998103967,-0.46487278883968,-0.0577080818623991
40052,0.541168185369195,-0.311179528883448,0.537078567649049
36442,0.669334893907683,-0.441604250829222,0.299123026821776
33060,0.468276656059161,-0.377006060112277,-0.0591124218067426
35112,0.527097602782083,-0.42337441059357,0.184887203887903
30571,0.633591900452783,-0.488700715903733,-0.180969368405803
37867,0.538512952468341,-0.40261563145303,0.416632737530115
41534,0.625985745410661,-0.338367518659161,0.65825449860007
35511,0.49186758290338,-0.35526177437383,0.183187836010008
31768,0.61489128194252,-0.458281172119428,-0.0591215392663757
32661,0.717756020660257,-0.512585499535254,-0.0609791431512445
41629,0.500911370382752,-0.32308190807414,0.658251765849155
31578,0.591858127293748,-0.421095983699241,-0.0608642098247014
34675,0.622405184252153,-0.429218947890426,0.17789193543011
34048,0.518874071242579,-0.445150614482981,0.0605820064722859
38190,0.525828707684683,-0.424883301987377,0.417904717493576
33858,0.594318054740831,-0.326157054234342,0.057653629264384
43814,0.458175155984268,-0.35409773867954,0.777972176475931
31559,0.56609657183692,-0.399341683867566,-0.0563579038146217
31179,0.741366782655766,-0.467282420575262,-0.182466031659934
37088,0.480307598933305,-0.400786851508942,0.300806000729201
34124,0.626956761264339,-0.509295265422083,0.0596132444686905
30818,0.541465082427889,-0.309847990087662,-0.180763750303042
30362,0.612702625394013,-0.358372139724967,-0.181579475448183
42199,0.48081830903285,-0.291632255673397,0.660562427193645
42389,0.6363542696729,-0.423037574009879,0.780112674420607
40356,0.719085787998704,-0.512242766042321,0.540267195749306
42750,0.532703593743044,-0.357232541601963,0.780224933692516
30685,0.704871183063684,-0.426949223682053,-0.180524199913329
38437,0.646507147229007,-0.356307051434541,0.417103838360432
32034,0.528705955209116,-0.425179169406176,-0.0567005227692692
39786,0.607551931625892,-0.479232131161852,0.542375402061982
31027,0.598580831263075,-0.497547886221787,-0.182416320084081
31882,0.64081133759916,-0.379765766166268,-0.0626298407776304
33516,0.530369675798726,-0.35829787695431,0.0623415022395062
33231,0.561826270583607,-0.377230063081905,0.0646515506482978
36955,0.566835594090141,-0.315397939880248,0.300459696746115
33839,0.624463139060269,-0.338731063182787,0.0649056453054168
35720,0.700794831328471,-0.517676299187404,0.180874363412796
30286,0.669936617018143,-0.440708010560615,-0.182658805262928
43738,0.4795653062362,-0.287254915696378,0.778611369550958
42104,0.600401209278835,-0.302716505280852,0.658434800321875
30590,0.65788502673374,-0.489237173881344,-0.181324570134636
37582,0.481466259010358,-0.28850910175501,0.3024488289199
42522,0.585783059988642,-0.444268551521971,0.779271601219466
37772,0.636059023631577,-0.42471543516289,0.42041112416209
35606,0.544629978404006,-0.467858445042808,0.182192927450043
35055,0.530425579623491,-0.356177629774597,0.179568975055185
30438,0.529618619620435,-0.356622014025513,-0.1798007882951
32585,0.627407401463053,-0.511247616558871,-0.0608705339684803
33098,0.567966242640187,-0.399082631700484,0.0564434840535529
40679,0.465667228323669,-0.303405607588944,0.539096564288137
33934,0.501680803655431,-0.323194910373728,0.0576686949343263
34827,0.587644908231318,-0.445119176387884,0.183277508998449
32129,0.658874644894505,-0.490852406952862,-0.0598651999605907
