2001,1001,1066,1014,1274
2008,1001,1066,1053,1274
2015,1001,1261,1053,1274
2022,1001,1261,1209,1274
2029,1001,1222,1209,1274
2036,1001,1222,1014,1274
2043,1014,1079,1027,1287
2050,1014,1079,1066,1287
2057,1014,1274,1066,1287
2064,1014,1274,1222,1287
2071,1014,1235,1222,1287
2078,1014,1235,1027,1287
2085,1027,1092,1040,1300
2092,1027,1092,1079,1300
2099,1027,1287,1079,1300
2106,1027,1287,1235,1300
2113,1027,1248,1235,1300
2120,1027,1248,1040,1300
2127,1053,1118,1066,1326
2134,1053,1118,1105,1326
2141,1053,1313,1105,1326
2148,1053,1313,1261,1326
2155,1053,1274,1261,1326
2162,1053,1274,1066,1326
2169,1066,1131,1079,1339
2176,1066,1131,1118,1339
2183,1066,1326,1118,1339
2190,1066,1326,1274,1339
2197,1066,1287,1274,1339
2204,1066,1287,1079,1339
2211,1079,1144,1092,1352
2218,1079,1144,1131,1352
2225,1079,1339,1131,1352
2232,1079,1339,1287,1352
2239,1079,1300,1287,1352
2246,1079,1300,1092,1352
2253,1105,1170,1118,1378
2260,1105,1170,1157,1378
2267,1105,1365,1157,1378
2274,1105,1365,1313,1378
2281,1105,1326,1313,1378
2288,1105,1326,1118,1378
2295,1118,1183,1131,1391
2302,1118,1183,1170,1391
2309,1118,1378,1170,1391
2316,1118,1378,1326,1391
2323,1118,1339,1326,1391
2330,1118,1339,1131,1391
2337,1131,1196,1144,1404
2344,1131,1196,1183,1404
2351,1131,1391,1183,1404
2358,1131,1391,1339,1404
2365,1131,1352,1339,1404
2372,1131,1352,1144,1404
2379,1209,1274,1222,1482
2386,1209,1274,1261,1482
2393,1209,1469,1261,1482
2400,1209,1469,1417,1482
2407,1209,1430,1417,1482
2414,1209,1430,1222,1482
2421,1222,1287,1235,1495
2428,1222,1287,1274,1495
2435,1222,1482,1274,1495
2442,1222,1482,1430,1495
2449,1222,1443,1430,1495
2456,1222,1443,1235,1495
2463,1235,1300,1248,1508
2470,1235,1300,1287,1508
2477,1235,1495,1287,1508
2484,1235,1495,1443,1508
2491,1235,1456,1443,1508
2498,1235,1456,1248,1508
2505,1261,1326,1274,1534
2512,1261,1326,1313,1534
2519,1261,1521,1313,1534
2526,1261,1521,1469,1534
2533,1261,1482,1469,1534
2540,1261,1482,1274,1534
2547,1287,1352,1300,1560
2554,1287,1352,1339,1560
2561,1287,1547,1339,1560
2568,1287,1547,1495,1560
2575,1287,1508,1495,1560
2582,1287,1508,1300,1560
2589,1313,1378,1326,1586
2596,1313,1378,1365,1586
2603,1313,1573,1365,1586
2610,1313,1573,1521,1586
2617,1313,1534,1521,1586
2624,1313,1534,1326,1586
2631,1326,1391,1339,1599
2638,1326,1391,1378,1599
2645,1326,1586,1378,1599
2652,1326,1586,1534,1599
2659,1326,1547,1534,1599
2666,1326,1547,1339,1599
2673,1339,1404,1352,1612
2680,1339,1404,1391,1612
2687,1339,1599,1391,1612
2694,1339,1599,1547,1612
2701,1339,1560,1547,1612
2708,1339,1560,1352,1612
2715,1417,1482,1430,1690
2722,1417,1482,1469,1690
2729,1417,1677,1469,1690
2736,1417,1677,1625,1690
2743,1417,1638,1625,1690
2750,1417,1638,1430,1690
2757,1430,1495,1443,1703
2764,1430,1495,1482,1703
2771,1430,1690,1482,1703
2778,1430,1690,1638,1703
2785,1430,1651,1638,1703
2792,1430,1651,1443,1703
2799,1443,1508,1456,1716
2806,1443,1508,1495,1716
2813,1443,1703,1495,1716
2820,1443,1703,1651,1716
2827,1443,1664,1651,1716
2834,1443,1664,1456,1716
2841,1469,1534,1482,1742
2848,1469,1534,1521,1742
2855,1469,1729,1521,1742
2862,1469,1729,1677,1742
2869,1469,1690,1677,1742
2876,1469,1690,1482,1742
2883,1482,1547,1495,1755
2890,1482,1547,1534,1755
2897,1482,1742,1534,1755
2904,1482,1742,1690,1755
2911,1482,1703,1690,1755
2918,1482,1703,1495,1755
2925,1495,1560,1508,1768
2932,1495,1560,1547,1768
2939,1495,1755,1547,1768
2946,1495,1755,1703,1768
2953,1495,1716,1703,1768
2960,1495,1716,1508,1768
2967,1521,1586,1534,1794
2974,1521,1586,1573,1794
2981,1521,1781,1573,1794
2988,1521,1781,1729,1794
2995,1521,1742,1729,1794
3002,1521,1742,1534,1794
3009,1534,1599,1547,1807
3016,1534,1599,1586,1807
3023,1534,1794,1586,1807
3030,1534,1794,1742,1807
3037,1534,1755,1742,1807
3044,1534,1755,1547,1807
3051,1547,1612,1560,1820
3058,1547,1612,1599,1820
3065,1547,1807,1599,1820
3072,1547,1807,1755,1820
3079,1547,1768,1755,1820
3086,1547,1768,1560,1820
