1326,16.07643901233,23.8040443590157,16.5921128832475
1443,24.4423830374176,7.51938154765818,24.1325753993924
1625,8.66126814635406,8.68446696645472,32.3477111893342
1521,7.30465469952803,24.6475934295672,24.6423298256337
1742,16.2113299468532,23.4354052751088,31.9944846280577
1300,32.4272096980031,16.3729402547307,15.7842570894425
1547,24.5660469731052,23.3072501703465,24.614317740639
1716,31.5414055069674,16.1384675979317,31.6277002782553
1079,24.1786874474826,16.0784110830895,7.57945096828694
1183,23.6459094615234,32.3628291067596,7.6379455603453
1573,8.43859458945589,32.3637469721948,24.4183250773
1534,16.5716234049181,23.9309062838071,24.3700279390215
1352,31.8192669071737,23.5406037906321,16.2477677932667
1287,23.8503342114308,16.2455238826284,16.1767844654096
1599,24.6632245335324,31.550408671497,23.4562524995919
1118,16.0190189189073,23.5086730653653,8.62184085803428
1417,8.14735310683176,8.51385268716923,24.1069175521503
1157,7.57690638885492,31.5032064377903,8.38196584154077
1222,15.5350816634147,8.32112039158393,16.4390754288716
1456,31.4080615610133,8.56037462224092,24.5343394120688
1690,15.368586735857,15.6679577207782,31.4659964250628
1586,15.3696465156788,31.4931054912905,23.7632099470636
1066,16.2766709430755,16.3452677461589,7.73195479041048
1664,32.2197021216649,8.39835011739439,32.359373315768
1105,8.38484730362296,23.4565328083487,7.88748189627863
1807,24.2157602109758,31.5177157281199,32.2773135660692
1469,8.16760353401249,15.5895477718294,24.633140735653
1430,16.2931557470731,8.64820264993018,24.2245982354308
1235,23.4547594634641,8.07369299258758,15.5482842845131
1495,24.6325489332935,16.3592983601607,23.4400121435707
1768,32.2779344405164,24.2997582012733,32.2336677538299
1027,23.8377630828526,7.73173982419901,8.35577879151412
1755,24.2330787853626,24.3279429412953,32.2522933581294
1339,23.9917425682237,24.5552728262969,15.4388184845516
1313,7.50348164821273,23.9232481853482,15.8561994669133
1404,32.2952835523649,31.525403661786,15.7614932028696
1131,24.1022562350147,23.3298886658686,7.55268523555292
1378,16.5512820121295,32.6887246787359,16.6851811933824
1092,31.9545484380133,16.5407697562384,8.3893080674569
1729,8.61833326095854,23.5525899820266,32.3839428993149
1196,31.7652921991449,31.7607999584212,8.16801214734411
1144,31.8299977648924,24.3946779909929,8.35358612120009
1040,32.6888210526391,7.96921799374118,8.60905963786951
1391,23.7201452346414,32.1574445053317,15.7036119099851
1612,31.3783754084248,31.6024421889217,23.5319607793315
1677,8.25794162994683,15.9917877303364,31.4879327978811
1209,7.8552545558439,8.6799521649149,16.3272001040165
1170,15.8628231092925,31.6232610091249,8.3462154321781
1820,32.4004444045854,32.2196485753386,31.8214577654001
1560,31.4503836579194,23.6884184508648,24.2885651650089
1794,16.4004362507078,31.6202020280452,32.1359571982117
1781,8.0968861414612,32.5184283880841,31.3003371139752
1703,23.3511736034836,16.1766973119594,31.6366054160691
1014,16.1349929409268,8.08160259779126,8.55391609803561
1248,32.5739484561885,8.28930535805949,16.645807200014
1001,8.23307634414501,8.57403180880657,7.79083406976282
1274,15.8687637827744,15.4476689179107,16.3891552346845
1261,7.48197446234149,16.5939716134056,16.3621429994757
1365,7.68922802183173,31.5556598065241,16.2613819122504
1482,16.6666972791826,16.0421059304432,24.1184546922734
1651,24.5608438500396,8.0727326941952,32.0040258744934
1508,32.6389890603364,16.114958012412,24.5068311663306
1638,15.8387460437672,8.44078411000523,32.5441235107568
1053,8.54067514553021,15.4793477853524,8.67157868679891
